step,time_s,coverage_cost_m2,weighted_fraction_within_0_25m,weighted_fraction_within_0_35m,weighted_fraction_within_0_50m,weighted_rms_distance_m,minimum_simulator_collision_center_pair_distance_m,minimum_reference_point_boundary_clearance_m,minimum_conservative_body_boundary_clearance_m,centroid_residual_mean_m,centroid_residual_max_m,cell_mass_min,cell_mass_max,voronoi_edges,voronoi_degree_mean,barrier_intervention_mean,barrier_intervention_max,global_actuator_scale,control_compute_ms
0.0,0.0,0.13304337723328635,0.31723219617197945,0.5654475430190665,0.8433540143389435,0.3647511168362427,0.7156343665885293,0.37517681349912,0.32017681349912,0.22160102958562106,0.31409555122304805,0.04437091815168544,0.16409317590908884,12.0,3.0,9.91010820154394e-05,0.0003072951317898715,1.0,2.6086359976034146
10.0,0.33,0.12334633169437301,0.34805806448017096,0.5972207215288089,0.865283097028569,0.3512069641883159,0.6874170149393098,0.3940657552955451,0.3390657552955451,0.19857499961314698,0.29893800328759473,0.04601219806920746,0.18176407205430645,13.0,3.25,0.00018339647683814723,0.0005733253711875173,1.0,2.845705999789061
20.0,0.66,0.11255234027584081,0.3671765906154577,0.6453793037926207,0.8907350392317845,0.3354882118284349,0.6619687381626509,0.42026988256803344,0.36526988256803344,0.16795825817305535,0.272512987072011,0.04601219806920746,0.18176407205430645,12.0,3.0,0.002913233679777008,0.003823923034294508,1.0,2.1482070005731657
30.0,0.99,0.10325928042848002,0.3815545804905143,0.6830856906731253,0.9273226261144811,0.32133982079487133,0.6425231934621322,0.4508192452908659,0.39581924529086593,0.13669785290038455,0.24145920223805442,0.04717786313595255,0.18176407205430645,12.0,3.0,0.0010183112601569724,0.002136357730654835,1.0,2.2218969970708713
40.0,1.32,0.09613334944278555,0.39390664071413795,0.7121053242186617,0.9492814216201018,0.3100537847580409,0.6267350689850809,0.48083361603968433,0.42583361603968434,0.11079889459538297,0.20494130098761365,0.053192798221127546,0.17886338054459752,12.0,3.0,0.000280543826120746,0.0008773646342567859,1.0,2.2796569974161685
50.0,1.6500000000000001,0.09105499907172636,0.414675659246348,0.7256523453905706,0.9683917900392986,0.301753208883893,0.609907664146212,0.5045293329515999,0.44952933295159986,0.08913349683456423,0.17782549156273728,0.0575228940145768,0.1778827008055005,13.0,3.25,0.0004929891581873903,0.0017761979804692604,1.0,2.2159069994813763
60.0,1.98,0.08774238215886124,0.42208237507499685,0.7362887810730242,0.9814663736023168,0.29621340644687444,0.5924171034005477,0.5202401227944464,0.46524012279444643,0.06845547071362179,0.14183626839733535,0.0575228940145768,0.1778827008055005,13.0,3.25,8.668098072306418e-05,0.0004427818772678928,1.0,2.168297000025632
70.0,2.31,0.08565989933056634,0.42670583473102675,0.7393907680388632,0.9880908526677037,0.29267712471350804,0.5776299709150284,0.5324430859541889,0.4774430859541889,0.05196492356852002,0.11509945698445775,0.0575228940145768,0.1778827008055005,13.0,3.25,7.504381979601214e-06,1.4046655990399058e-05,1.0,2.1823870010848623
80.0,2.64,0.08442341638089365,0.42985429462895874,0.7460641058419185,0.990360237214041,0.2905570793852624,0.5658971913241543,0.5408533599784382,0.4858533599784382,0.03928486691574809,0.08816286545323701,0.0575228940145768,0.1778827008055005,13.0,3.25,0.00022332146279507815,0.0004333365968189161,1.0,2.3028770010569133
90.0,2.97,0.08367759501201176,0.43555906501720676,0.7534628947191241,0.991339270736397,0.2892707987544055,0.5535961677824883,0.5439707845709194,0.4889707845709194,0.031212909957467685,0.07201847279332427,0.05894635455324576,0.1778827008055005,13.0,3.25,0.0001321579346383628,0.00027568830292709867,1.0,2.1002469984523486
100.0,3.3000000000000003,0.08322044666440517,0.43566924778677063,0.7540004790981756,0.9908733978672688,0.28847954288719535,0.541939115886293,0.5458065863265867,0.49080658632658675,0.024702165122125003,0.05560087541884096,0.059794992323564805,0.1778827008055005,13.0,3.25,8.232983738707387e-05,0.00018170057749180695,1.0,2.313905999471899
110.0,3.6300000000000003,0.08294719172563508,0.4359745102286311,0.7533086503390243,0.9901548092999937,0.2880055411370328,0.5319057434353164,0.5470251635417871,0.4920251635417871,0.019155330194681693,0.04184540851786929,0.06026486221043552,0.1778827008055005,13.0,3.25,1.9242300427887818e-05,3.507588237635252e-05,1.0,2.078616998915095
120.0,3.96,0.08278570400751487,0.43858539823301396,0.7575272745262688,0.9901329927904737,0.28772504932229115,0.5244732148730524,0.54768889186836,0.49268889186836,0.014517225824566929,0.031489852589443326,0.06026486221043552,0.1778827008055005,13.0,3.25,1.8092189187700068e-05,3.4697158026385444e-05,1.0,2.3420260004058946
130.0,4.29,0.08269016063840302,0.4453661121009548,0.7579375802688267,0.9907027910004632,0.2875589689757616,0.5190515187387061,0.5479940951587996,0.4929940951587996,0.011774846513886874,0.02476652456710194,0.06077235757367422,0.1778827008055005,13.0,3.25,1.31070334721536e-05,3.585424289089048e-05,1.0,2.297586997883627
140.0,4.62,0.08263109031801683,0.43970256948124675,0.7579614935055929,0.9899875424961251,0.2874562407011141,0.5151006670374065,0.547999115063166,0.492999115063166,0.008931146959519872,0.018682214346230575,0.06077235757367422,0.1778827008055005,13.0,3.25,4.649303770982318e-05,0.00013914063528338555,1.0,2.51961599860806
150.0,4.95,0.08259704045551738,0.43959441977656294,0.7565939562516879,0.9894041133923437,0.28739700843174654,0.512751707785381,0.54770031707963,0.49270031707962997,0.006757765161442188,0.01408168594925719,0.06077235757367422,0.1778827008055005,13.0,3.25,3.081065532971961e-06,6.536455350251891e-06,1.0,2.193956999690272
160.0,5.28,0.08257751769689615,0.4414030150880772,0.7577900765317713,0.9891313420229509,0.28736304163356874,0.5114943986728567,0.5473275753884277,0.4923275753884277,0.0051046408032949225,0.010608327876522619,0.06077235757367422,0.1778827008055005,13.0,3.25,1.422168801406337e-05,3.337316283477942e-05,1.0,2.3494359993492253
170.0,5.61,0.08256439305329372,0.4420495221822545,0.7569496217699092,0.9891313420229509,0.2873402043802672,0.5103318639549135,0.5468909865655694,0.49189098656556945,0.004283058001415343,0.009022767710747105,0.06130973542486515,0.1778827008055005,13.0,3.25,3.4964667816039684e-06,5.402461409060258e-06,1.0,2.5934160003089346
180.0,5.94,0.08255666148219375,0.4417114188467486,0.7573779433257501,0.9885730477617283,0.2873267503769772,0.5096558176400627,0.5465398250973927,0.49153982509739275,0.0032427427308736882,0.00693059052556873,0.06130973542486515,0.1778827008055005,13.0,3.25,8.124386466448808e-06,1.1461657994463941e-05,1.0,2.2175769991008565
190.0,6.2700000000000005,0.08255205393680207,0.4420799799810515,0.7571043992904168,0.9885730477617283,0.28731873231100347,0.5093844522907218,0.54625460182591,0.49125460182591,0.0028596292502098978,0.005289792005406659,0.06130973542486515,0.1778827008055005,13.0,3.25,8.311072922057738e-06,1.4082199937765017e-05,1.0,2.3054369994497392
200.0,6.6000000000000005,0.08254859448508212,0.4451662314717132,0.7574258391345118,0.9875613799741008,0.2873127120144219,0.5097899544101596,0.5458741573977011,0.49087415739770107,0.0021678034883116344,0.004019908711308977,0.06130973542486515,0.1778827008055005,13.0,3.25,7.608538841729543e-06,1.2278008880410188e-05,1.0,2.2177669998200145
210.0,6.930000000000001,0.08254658965082973,0.4442313332140274,0.7574258391345118,0.9872853024329227,0.2873092230521494,0.5104736699519347,0.5455149067294625,0.49051490672946246,0.001639654565288649,0.0030457138540666835,0.06130973542486515,0.1778827008055005,13.0,3.25,5.534616344642222e-06,9.331304190316381e-06,1.0,2.3739770003885496
220.0,7.260000000000001,0.08254543591618352,0.445796105797609,0.7574258391345118,0.9872853024329227,0.2873072152177587,0.511289535436283,0.5451998432497271,0.49019984324972715,0.0012382325279534933,0.0023027944766447245,0.06130973542486515,0.1778827008055005,13.0,3.25,3.586138348995628e-06,6.2703332476206294e-06,1.0,2.7911659999517724
230.0,7.590000000000001,0.0825447752130221,0.4451244449735863,0.7574258391345118,0.9872853024329227,0.28730606539546305,0.5121439639160413,0.54493553511589,0.48993553511589,0.0009340581587278637,0.00173855265877961,0.06130973542486515,0.1778827008055005,13.0,3.25,2.327501182177081e-06,4.218322456573637e-06,1.0,2.196538000134751
240.0,7.92,0.08254439815001029,0.4451244449735863,0.7574258391345118,0.9866202615596333,0.28730540919030795,0.5129797719126541,0.5447201302600204,0.4897201302600204,0.0007040621232203715,0.0013112263930175506,0.06130973542486515,0.1778827008055005,13.0,3.25,1.9212012013804808e-06,3.5569018278289646e-06,1.0,2.2543069972016383
250.0,8.25,0.08254418347510871,0.4451244449735863,0.7585549474109433,0.9866202615596333,0.28730503558954323,0.513764246395594,0.5445480155579037,0.48954801555790367,0.0005304095871788344,0.0009882244798735873,0.06130973542486515,0.1778827008055005,13.0,3.25,1.8072699525447895e-08,3.369349228151298e-08,1.0,2.502997002011398
260.0,8.58,0.08254406145928125,0.4451244449735863,0.7585549474109433,0.9866202615596333,0.2873048232440264,0.5144808111506898,0.5444124074131025,0.4894124074131025,0.0003994322596081026,0.0007444107275304894,0.06130973542486515,0.1778827008055005,13.0,3.25,2.2201634786895406e-08,4.026025866649024e-08,1.0,2.535936997446697
270.0,8.91,0.08254399219324601,0.4451244449735863,0.7585549474109433,0.9866202615596333,0.2873047026994964,0.5151230831125766,0.544306664276885,0.489306664276885,0.00030071756143783024,0.0005605525943717716,0.06130973542486515,0.1778827008055005,13.0,3.25,2.4886001132089387e-08,4.462557290758283e-08,1.0,2.355856999201933
280.0,9.24,0.08254395127899072,0.4451244449735863,0.759382981831433,0.9866202615596333,0.28730463149589275,0.51569091423165,0.5442248364444116,0.48922483644441156,0.0008629069750115753,0.0038556858621564176,0.061861045520764615,0.1778827008055005,13.0,3.25,2.619735861778454e-06,4.696586166135496e-06,1.0,2.234587002021726
290.0,9.57,0.08254341668432143,0.4451244449735863,0.759382981831433,0.9863477722191063,0.287303701132306,0.5109619211340467,0.5439726618474487,0.48897266184744875,0.0006775270007147581,0.0029523648864465475,0.061861045520764615,0.1778827008055005,13.0,3.25,1.4454436609840926e-06,3.0950756360476765e-06,1.0,2.2540270001627505
300.0,9.9,0.08254306570884078,0.4451244449735863,0.7590961126540202,0.9863477722191063,0.287303090322469,0.5086503583320229,0.5438307566898342,0.48883075668983417,0.0005249646441804903,0.002248584924484248,0.061861045520764615,0.1778827008055005,13.0,3.25,2.389033166422475e-06,4.8899783407945825e-06,1.0,2.4251069989986718
310.0,10.23,0.082542845462727,0.4451244449735863,0.7590961126540202,0.9863477722191063,0.2873027070229708,0.5078224121951883,0.5437766312338954,0.4887766312338954,0.0004030874876439741,0.0017062812430868525,0.061861045520764615,0.1778827008055005,13.0,3.25,3.3576344747676234e-06,6.805520262517384e-06,1.0,2.1795969987579156
320.0,10.56,0.08254271156436875,0.4451244449735863,0.7590961126540202,0.9863477722191063,0.28730247399625497,0.5078712975426972,0.5437774414262775,0.4887774414262775,0.00030759386197699347,0.0012914788846024746,0.061861045520764615,0.1778827008055005,13.0,3.25,3.95804665235274e-06,8.043265491785526e-06,1.0,2.3055870005919132
330.0,10.89,0.08254263191356408,0.4451244449735863,0.7590961126540202,0.9863477722191063,0.2873023353778456,0.5084091398306956,0.5438069664799445,0.48880696647994454,0.00023372347845906552,0.0009757761511704154,0.061861045520764615,0.1778827008055005,13.0,3.25,2.5432691331549677e-06,5.493680898008187e-06,1.0,2.1678170014638454
340.0,11.22,0.08254258524542159,0.4444247416577224,0.7590961126540202,0.9863477722191063,0.2873022541600076,0.5091926415247865,0.5438481001088273,0.48884810010882734,0.00017708009535902255,0.0007363513365908865,0.061861045520764615,0.1778827008055005,13.0,3.25,4.34932901019336e-08,8.176895727337532e-08,1.0,2.4076259978755843
350.0,11.55,0.08254255817803605,0.4462303180366216,0.7590961126540202,0.9863477722191063,0.2873022070538896,0.5100724951836492,0.5438910239875911,0.48889102398759116,0.0001338751534023905,0.000555160470629022,0.061861045520764615,0.1778827008055005,13.0,3.25,4.581230584960645e-08,8.693137727726864e-08,1.0,2.290077001816826
360.0,11.88,0.08254254259558719,0.4462303180366216,0.7590961126540202,0.9863477722191063,0.28730217993532037,0.5109601734947777,0.5439307494358624,0.4889307494358624,0.00010106653101187935,0.0004182991779199508,0.061861045520764615,0.1778827008055005,13.0,3.25,4.455385133597384e-08,8.71220002274243e-08,1.0,2.3511470026278403
370.0,12.21,0.08254253366990273,0.4462303180366216,0.7590961126540202,0.9863477722191063,0.2873021644017022,0.5118056715692422,0.5439652020901182,0.48896520209011823,7.622174265230764e-05,0.0003150426785306139,0.061861045520764615,0.1778827008055005,13.0,3.25,4.063420152690085e-08,7.947439569465342e-08,1.0,2.3052770011418033
380.0,12.540000000000001,0.08254252857517498,0.4462303180366216,0.7590961126540202,0.9863477722191063,0.2873021555352048,0.5125832113257256,0.5439939124119502,0.48899391241195017,5.744402362162953e-05,0.00023720344192339874,0.061861045520764615,0.1778827008055005,13.0,3.25,3.743679819310275e-08,7.295129052920088e-08,1.0,3.2312160001310986
390.0,12.870000000000001,0.0825425256742862,0.4462303180366216,0.7590961126540202,0.9863477722191063,0.2873021504867066,0.5132819016090646,0.5440172143780021,0.4890172143780021,4.327095549487139e-05,0.00017855855746993306,0.061861045520764615,0.1778827008055005,13.0,3.25,3.5143195469119766e-08,6.748162546219479e-08,1.0,2.2277179996308405
400.0,13.200000000000001,0.0825425240253991,0.4462303180366216,0.7590961126540202,0.9863477722191063,0.28730214761710204,0.5138997434090002,0.544035783902356,0.48903578390235597,3.258349913921329e-05,0.0001343927322994236,0.061861045520764615,0.1778827008055005,13.0,3.25,3.365211484180172e-08,6.29312671339157e-08,1.0,2.263187001517508
410.0,13.530000000000001,0.08254252308929562,0.4462303180366216,0.7590961126540202,0.9863477722191063,0.2873021459879749,0.5144398199860604,0.5440503891636959,0.48905038916369586,2.4529772124070933e-05,0.00010114061712624931,0.061861045520764615,0.1778827008055005,13.0,3.25,3.253501272434063e-08,5.9169850046401634e-08,1.0,2.386166997894179
420.0,13.860000000000001,0.08254252255830538,0.4462303180366216,0.7590961126540202,0.9863477722191063,0.28730214506387763,0.5149079047852896,0.5440617660564744,0.4890617660564744,1.8463564690769855e-05,7.611035096753524e-05,0.061861045520764615,0.1778827008055005,13.0,3.25,3.1653539956100584e-08,5.607019883391901e-08,1.0,2.4996669999381993
430.0,14.190000000000001,0.08254252225728977,0.4462303180366216,0.7590961126540202,0.9863477722191063,0.2873021445400117,0.5153109841394441,0.5440705641512855,0.4890705641512855,1.3895886367969483e-05,5.7271663941513565e-05,0.061861045520764615,0.1778827008055005,13.0,3.25,3.09091060744596e-08,5.349708384454569e-08,1.0,2.396236999629764
440.0,14.520000000000001,0.08254252208671738,0.4462303180366216,0.7590961126540202,0.9863477722191063,0.28730214424315975,0.5156563667484885,0.5440773304251636,0.4890773304251636,1.0457348165174928e-05,4.30943861416541e-05,0.061861045520764615,0.1778827008055005,13.0,3.25,3.027867444924736e-08,5.1359828581952024e-08,1.0,2.455637000821298
450.0,14.850000000000001,0.08254252199009002,0.4462303180366216,0.7590961126540202,0.9863477722191063,0.28730214407499644,0.5159511668775818,0.5440825118599404,0.4890825118599404,7.869242961614969e-06,3.242584965835516e-05,0.061861045520764615,0.1778827008055005,13.0,3.25,2.9744941179880122e-08,4.9933750326739004e-08,1.0,2.4436069979856256
460.0,15.180000000000001,0.08254252193536296,0.4462303180366216,0.7590961126540202,0.9863477722191063,0.2873021439797534,0.5162020233215852,0.5440864663805302,0.48908646638053016,5.921459935999645e-06,2.439806742480261e-05,0.061861045520764615,0.1778827008055005,13.0,3.25,2.9293488836391682e-08,4.917908866620029e-08,1.0,2.2812869974586647
470.0,15.510000000000002,0.08254252190437156,0.4462303180366216,0.7590961126540202,0.9863477722191063,0.2873021439258182,0.5164149650837109,0.5440894765139057,0.4890894765139057,4.455694533985429e-06,1.8357588649251366e-05,0.061861045520764615,0.1778827008055005,13.0,3.25,2.8938470043072904e-08,4.85892175420037e-08,1.0,2.296907001436921
480.0,15.84,0.08254252188682318,0.4462303180366216,0.7590961126540202,0.9863477722191063,0.28730214389527825,0.516595366462042,0.544091762948969,0.489091762948969,3.3527240618556685e-06,1.3812560135772564e-05,0.061861045520764615,0.1778827008055005,13.0,3.25,2.864992660536792e-08,4.811146094389588e-08,1.0,2.324047000001883
490.0,16.17,0.08254252187688733,0.4462303180366216,0.7590961126540202,0.9863477722191063,0.28730214387798664,0.5167479549031279,0.5440934967281863,0.4890934967281863,2.522785080772714e-06,1.0392809106155239e-05,0.061861045520764615,0.1778827008055005,13.0,3.25,2.840761881191077e-08,4.7710556654803426e-08,1.0,2.434216999972705
500.0,16.5,0.0825425218712619,0.4462303180366216,0.7590961126540202,0.9863477722191063,0.2873021438681965,0.5168768483150473,0.5440948096285633,0.4890948096285633,1.898308092990898e-06,7.8197651354171e-06,0.061861045520764615,0.1778827008055005,13.0,3.25,2.8204132954745033e-08,4.737415125652153e-08,1.0,2.4495170000591315
510.0,16.830000000000002,0.08254252186807705,0.4462303180366216,0.7590961126540202,0.9863477722191063,0.28730214386265385,0.5169856072128107,0.5440958027089157,0.4890958027089157,1.428437419968232e-06,5.883805350264294e-06,0.061861045520764615,0.1778827008055005,13.0,3.25,2.8033246477274097e-08,4.7091862265767994e-08,1.0,2.2906369995325804
520.0,17.16,0.08254252186627391,0.4462303180366216,0.7590961126540202,0.9863477722191063,0.2873021438595158,0.5170772926613827,0.5440965531912925,0.48909655319129247,1.0749007820548726e-06,4.4271964287930565e-06,0.061861045520764615,0.1778827008055005,13.0,3.25,2.788973637546613e-08,4.685497374230891e-08,1.0,2.2481070009234827
530.0,17.490000000000002,0.08254252186525307,0.4462303180366216,0.7590961126540202,0.9863477722191063,0.2873021438577392,0.5171545246284653,0.5440971199149931,0.4890971199149931,8.088977912095879e-07,3.331253614227629e-06,0.061861045520764615,0.1778827008055005,13.0,3.25,2.7769218305719054e-08,4.665617369397861e-08,1.0,2.301017000718275
540.0,17.82,0.08254252186467509,0.4462303180366216,0.7590961126540202,0.9863477722191063,0.2873021438567333,0.5172195376539728,0.5440975476103753,0.4890975476103753,6.087568642869677e-07,2.5066757474927422e-06,0.061861045520764615,0.1778827008055005,13.0,3.25,2.766801157117035e-08,4.6489330101722846e-08,1.0,2.2457970007963013
550.0,18.150000000000002,0.08254252186434789,0.4462303180366216,0.7590961126540202,0.9863477722191063,0.28730214385616387,0.5172742321621389,0.5440978702195898,0.4890978702195898,4.581712407956897e-07,1.886271583105676e-06,0.061861045520764615,0.1778827008055005,13.0,3.25,2.7583026175114584e-08,4.634930112298187e-08,1.0,2.4086769990390167
560.0,18.48,0.08254252186416258,0.4462303180366216,0.7590961126540202,0.9863477722191063,0.2873021438558414,0.5173202207214498,0.5440981134602094,0.4890981134602094,3.4487121790924843e-07,1.4194861714990088e-06,0.061861045520764615,0.1778827008055005,13.0,3.25,2.7511667608690503e-08,4.623177543675128e-08,1.0,2.483167001628317
570.0,18.810000000000002,0.08254252186405767,0.4462303180366216,0.7590961126540202,0.9863477722191063,0.28730214385565883,0.5173588691141602,0.5440982967945325,0.4890982967945325,2.596248568034673e-07,1.068282056953877e-06,0.061861045520764615,0.1778827008055005,13.0,3.25,2.7451757137994795e-08,4.613313738607512e-08,1.0,2.5213860026269685
580.0,19.14,0.0825425218639983,0.4462303180366216,0.7590961126540202,0.9863477722191063,0.28730214385555547,0.5173913323776715,0.5440984349364475,0.4890984349364475,1.9548596887244843e-07,8.040400717974124e-07,0.061861045520764615,0.1778827008055005,13.0,3.25,2.740146527961635e-08,4.605035444083431e-08,1.0,2.3259670015249867
590.0,19.470000000000002,0.08254252186396463,0.4462303180366216,0.7590961126540202,0.9863477722191063,0.2873021438554969,0.5174185860814324,0.5440985390008882,0.48909853900088823,1.4722822670670614e-07,6.052273919058973e-07,0.061861045520764615,0.1778827008055005,13.0,3.25,2.735925585680918e-08,4.598088383273051e-08,1.0,2.3836760010453872
600.0,19.8,0.08254252186394558,0.4462303180366216,0.7590961126540202,0.9863477722191063,0.2873021438554637,0.5174414534495141,0.5440986173784845,0.48909861737848453,1.1091935258327755e-07,4.556429386771008e-07,0.061861045520764615,0.1778827008055005,13.0,3.25,2.7323838033918404e-08,4.592259139043772e-08,1.0,2.4372670013690367
610.0,20.130000000000003,0.08254252186393476,0.4462303180366216,0.7590961126540202,0.9863477722191063,0.2873021438554449,0.5174606286685003,0.5440986763997817,0.4890986763997817,8.360072037152392e-08,3.4309720430773323e-07,0.061861045520764615,0.1778827008055005,13.0,3.25,2.7294127592390286e-08,4.587368641012424e-08,1.0,2.4799469974823296
620.0,20.46,0.08254252186392869,0.4462303180366216,0.7590961126540202,0.9863477722191063,0.28730214385543434,0.5174766968168902,0.5440987208388408,0.4890987208388408,6.304628004584299e-08,2.5841895086354846e-07,0.061861045520764615,0.1778827008055005,13.0,3.25,2.7269216600216622e-08,4.583266961794669e-08,1.0,2.2309470004984178
630.0,20.790000000000003,0.08254252186392518,0.4462303180366216,0.7590961126540202,0.9863477722191063,0.28730214385542824,0.5174901507504797,0.5440987542945546,0.48909875429455457,4.7581169488657515e-08,1.9470785503207298e-07,0.061861045520764615,0.1778827008055005,13.0,3.25,2.7248338726038892e-08,4.579827981393427e-08,1.0,2.407397001661593
640.0,21.12,0.0825425218639232,0.4462303180366216,0.7590961126540202,0.9863477722191063,0.2873021438554248,0.5175014057874058,0.5440987794790613,0.4890987794790613,3.5945236782785205e-08,1.4677220177817944e-07,0.061861045520764615,0.1778827008055005,13.0,3.25,2.7230850859758108e-08,4.576945849312493e-08,1.0,2.7009959994757082
650.0,21.45,0.08254252186392212,0.4462303180366216,0.7590961126540202,0.9863477722191063,0.2873021438554229,0.5175108118985215,0.5440987984356991,0.4890987984356991,2.7190354834755877e-08,1.1070581157894193e-07,0.061861045520764615,0.1778827008055005,13.0,3.25,2.721621828704277e-08,4.5745323907428604e-08,1.0,2.254696999443695
660.0,21.78,0.08254252186392147,0.4462303180366216,0.7590961126540202,0.9863477722191063,0.2873021438554218,0.5175186637731408,0.5440988127035882,0.4890988127035882,2.060316122798644e-08,8.356972537886711e-08,0.061861045520764615,0.1778827008055005,13.0,3.25,2.720398701257359e-08,4.572513584334317e-08,1.0,2.2947170000406913
670.0,22.11,0.08254252186392115,0.4462303180366216,0.7590961126540202,0.9863477722191063,0.28730214385542124,0.5175252095330253,0.5440988234418401,0.48909882344184014,1.5646927948498747e-08,6.315270714789925e-08,0.061861045520764615,0.1778827008055005,13.0,3.25,2.719377474299655e-08,4.570826507873889e-08,1.0,2.3100469989003614
680.0,22.44,0.08254252186392091,0.4462303180366216,0.7590961126540202,0.9863477722191063,0.2873021438554208,0.5175306578922597,0.5440988315232478,0.4890988315232478,1.1917825183158656e-08,4.77910505362367e-08,0.061861045520764615,0.1778827008055005,13.0,3.25,2.7185258114712403e-08,4.5694188201483885e-08,1.0,2.330426999833435
690.0,22.77,0.08254252186392078,0.4462303180366216,0.7590961126540202,0.9863477722191063,0.2873021438554206,0.5175351846660279,0.5440988376049258,0.48909883760492584,9.112014191611944e-09,3.6233002791059665e-08,0.061861045520764615,0.1778827008055005,13.0,3.25,2.7178176242172103e-08,4.5682476067279064e-08,1.0,2.3008770003798418
700.0,23.1,0.08254252186392073,0.4462303180366216,0.7590961126540202,0.9863477722191063,0.2873021438554205,0.5175389374346521,0.5440988421815551,0.48909884218155514,7.0008887904100405e-09,2.753675971688392e-08,0.061861045520764615,0.1778827008055005,13.0,3.25,2.7172301045979777e-08,4.567276423110061e-08,1.0,2.401576999545796
710.0,23.43,0.08254252186392069,0.4462303180366216,0.7590961126540202,0.9863477722191063,0.2873021438554204,0.5175420396973796,0.5440988456255014,0.4890988456255014,5.412446878541532e-09,2.0993718394823483e-08,0.061861045520764615,0.1778827008055005,13.0,3.25,2.7167442845929283e-08,4.5664775294651406e-08,1.0,2.298056999279652
720.0,23.76,0.08254252186392069,0.4462303180366216,0.7590961126540202,0.9863477722191063,0.2873021438554204,0.5175445949655397,0.5440988482170379,0.4890988482170379,4.217274735834102e-09,1.6070732896219637e-08,0.061861045520764615,0.1778827008055005,13.0,3.25,2.7163351078529198e-08,4.565832892431393e-08,1.0,2.286836999701336
730.0,24.09,0.0825425219354503,0.4462303180366216,0.7590961126540202,0.9863477722191063,0.2873021439799054,0.5196266400471935,0.5440889417039092,0.4890889417039092,5.998640599037664e-06,1.83924279674146e-05,0.061861045520764615,0.1778827008055005,13.0,3.25,0.0004310132707163524,0.0017960094137106902,0.9679763122974359,2.120936998835532
740.0,24.42,0.08254252194865974,0.4462303180366216,0.7590961126540202,0.9863477722191063,0.28730214400289417,0.518720820997278,0.5440911646592623,0.48909116465926233,7.308229289857434e-06,1.4112304151883e-05,0.061861045520764615,0.1778827008055005,13.0,3.25,6.87555779155892e-05,0.00028964459773357795,1.0,2.500335998774972
750.0,24.75,0.08254252193220804,0.4462303180366216,0.7590961126540202,0.9863477722191063,0.2873021439742628,0.5179469617503804,0.5440930492548892,0.4890930492548892,6.3820859949878675e-06,1.0850161558877605e-05,0.061861045520764615,0.1778827008055005,13.0,3.25,4.747000731538635e-05,0.00012680751544808124,1.0,2.2906769991095643
760.0,25.080000000000002,0.08254252193154603,0.4462303180366216,0.7590961126540202,0.9863477722191063,0.2873021439731107,0.5192633288800004,0.5440943195807175,0.48909431958071753,6.884269794878538e-06,1.0816780794154515e-05,0.061861045520764615,0.1778827008055005,13.0,3.25,3.991304525076306e-05,0.00011205664864744103,1.0,2.120747001754353
770.0,25.41,0.08254252190847354,0.4462303180366216,0.7590961126540202,0.9863477722191063,0.287302143932957,0.5177494243106096,0.5440952366666777,0.4890952366666777,5.537410089625126e-06,8.47596940708074e-06,0.061861045520764615,0.1778827008055005,13.0,3.25,4.666459318134085e-05,0.00015456759471824068,1.0,2.079986999888206
780.0,25.740000000000002,0.08254252189162985,0.4462303180366216,0.7590961126540202,0.9863477722191063,0.28730214390364345,0.5164444537077757,0.5440959179204484,0.48909591792044843,4.341746643524976e-06,6.799477763713794e-06,0.061861045520764615,0.1778827008055005,13.0,3.25,1.6109656359132678e-06,5.895566768486608e-06,1.0,2.1931269984634127
790.0,26.07,0.08254252188129126,0.4462303180366216,0.7590961126540202,0.9863477722191063,0.2873021438856509,0.5153303300218911,0.5440966433827267,0.4890966433827267,3.3976954763179497e-06,5.576039401411506e-06,0.061861045520764615,0.1778827008055005,13.0,3.25,1.853682327945141e-06,5.321894003795992e-06,1.0,2.3723470003460534
800.0,26.400000000000002,0.08254252187449293,0.4462303180366216,0.7590961126540202,0.9863477722191063,0.2873021438738196,0.5144115878379142,0.5440972002755475,0.48909720027554754,2.6273013893918363e-06,4.461809736202686e-06,0.061861045520764615,0.1778827008055005,13.0,3.25,2.620242411867866e-07,7.822313424275648e-07,1.0,2.1754769986728206
810.0,26.73,0.08254252187021385,0.4462303180366216,0.7590961126540202,0.9863477722191063,0.2873021438663726,0.5136560293557325,0.5440976172837895,0.4890976172837895,2.014655166776969e-06,3.497932311661476e-06,0.061861045520764615,0.1778827008055005,13.0,3.25,1.257670036162619e-07,4.2649114941151136e-07,1.0,2.1400869991339277
820.0,27.060000000000002,0.08254252186758297,0.4462303180366216,0.7590961126540202,0.9863477722191063,0.287302143861794,0.5130197396868255,0.54409789607553,0.48909789607553006,1.5377224623046804e-06,2.6530604847337447e-06,0.061861045520764615,0.1778827008055005,13.0,3.25,6.514316602775042e-06,1.47458380553172e-05,1.0,2.1469669991347473
830.0,27.39,0.08254252186602702,0.4462303180366216,0.7590961126540202,0.9863477722191063,0.28730214385908615,0.5124474255738816,0.544098118951956,0.48909811895195604,1.167118498131476e-06,1.986816992693508e-06,0.061861045520764615,0.1778827008055005,13.0,3.25,2.313838743750826e-07,3.7852935355042924e-07,1.0,2.2815470001660287
840.0,27.720000000000002,0.08254252186513082,0.4462303180366216,0.7590961126540202,0.9863477722191063,0.28730214385752645,0.5119664436076389,0.5440983014761087,0.4890983014761087,8.832980469873808e-07,1.5003912518572035e-06,0.061861045520764615,0.1778827008055005,13.0,3.25,1.0217498884800835e-06,2.009070235954672e-06,1.0,2.5687470006232616
850.0,28.05,0.08254252186461049,0.4462303180366216,0.7590961126540202,0.9863477722191063,0.2873021438566209,0.5115600078311788,0.5440984378260716,0.4890984378260716,6.669822150615005e-07,1.1358341197130736e-06,0.061861045520764615,0.1778827008055005,13.0,3.25,1.4863732809229915e-07,2.50557115287207e-07,1.0,2.3610669995832723
860.0,28.380000000000003,0.08254252186431432,0.4462303180366216,0.7590961126540202,0.9863477722191063,0.2873021438561055,0.5112198317752831,0.5440985421594073,0.48909854215940735,5.035065427703674e-07,8.615453145559041e-07,0.061861045520764615,0.1778827008055005,13.0,3.25,5.580470451210755e-08,1.1198132722851252e-07,1.0,2.368537003349047
870.0,28.71,0.0825425218641446,0.4462303180366216,0.7590961126540202,0.9863477722191063,0.2873021438558101,0.5109390814747389,0.5440986210777028,0.4890986210777028,3.7967717074556203e-07,6.492211516591189e-07,0.061861045520764615,0.1778827008055005,13.0,3.25,2.1971782291791763e-08,6.117735308849918e-08,1.0,2.409616998193087
880.0,29.040000000000003,0.08254252186404788,0.4462303180366216,0.7590961126540202,0.9863477722191063,0.2873021438556418,0.5107068763390569,0.544098679953588,0.48909867995358797,2.861319265355927e-07,4.896667022788739e-07,0.061861045520764615,0.1778827008055005,13.0,3.25,3.7835993581476184e-08,8.305199176181921e-08,1.0,2.309757001057733
890.0,29.37,0.08254252186399287,0.4462303180366216,0.7590961126540202,0.9863477722191063,0.28730214385554603,0.5105143512236995,0.5440987241515651,0.48909872415156513,2.1551327691717508e-07,3.6880195555778424e-07,0.061861045520764615,0.1778827008055005,13.0,3.25,3.798982017768677e-08,7.675899872974421e-08,1.0,2.359665999392746
900.0,29.700000000000003,0.08254252186396158,0.4462303180366216,0.7590961126540202,0.9863477722191063,0.2873021438554916,0.5103545610640027,0.5440987573368326,0.48909875733683256,1.622616566787353e-07,2.774291399297075e-07,0.061861045520764615,0.1778827008055005,13.0,3.25,3.7290264421675265e-08,7.473078324658818e-08,1.0,2.5524359989503864
910.0,30.03,0.08254252186394385,0.4462303180366216,0.7590961126540202,0.9863477722191063,0.2873021438554607,0.5102218787011978,0.5440987822613172,0.48909878226131726,1.221330303682302e-07,2.0845400058742682e-07,0.061861045520764615,0.1778827008055005,13.0,3.25,3.6575431055318726e-08,7.258077422304144e-08,1.0,2.2579569995286874
920.0,30.360000000000003,0.08254252186393377,0.4462303180366216,0.7590961126540202,0.9863477722191063,0.28730214385544317,0.5101116935476602,0.5440988009856573,0.48909880098565733,9.190662764308713e-08,1.5644423804096949e-07,0.061861045520764615,0.1778827008055005,13.0,3.25,3.55896690183663e-08,6.995989598972446e-08,1.0,2.4432660029560793
930.0,30.69,0.08254252186392805,0.4462303180366216,0.7590961126540202,0.9863477722191063,0.28730214385543323,0.510020212908446,0.5440988150539963,0.48909881505399627,6.91460301370265e-08,1.1726006476757725e-07,0.061861045520764615,0.1778827008055005,13.0,3.25,3.4668304530609834e-08,6.755266432135622e-08,1.0,2.2586769991903566
940.0,31.020000000000003,0.08254252186392483,0.4462303180366216,0.7590961126540202,0.9863477722191063,0.2873021438554276,0.5099443092670053,0.5440988256257251,0.4890988256257251,5.201084620774701e-08,8.775568961603386e-08,0.061861045520764615,0.1778827008055005,13.0,3.25,3.3848493587844156e-08,6.54371769542245e-08,1.0,2.4735059996601194
950.0,31.35,0.08254252186392301,0.4462303180366216,0.7590961126540202,0.9863477722191063,0.28730214385542446,0.5098813971281536,0.5440988335708423,0.48909883357084233,3.9112624767711085e-08,6.554942907327198e-08,0.061861045520764615,0.1778827008055005,13.0,3.25,3.3132990752027905e-08,6.382011652153023e-08,1.0,2.33350700000301
960.0,31.68,0.08254252186392197,0.4462303180366216,0.7590961126540202,0.9863477722191063,0.28730214385542263,0.5098293323888817,0.5440988395424728,0.48909883954247285,2.9404695905668105e-08,4.884153827779219e-08,0.061861045520764615,0.1778827008055005,13.0,3.25,3.251378293558887e-08,6.328776333731266e-08,1.0,2.2400369998649694
970.0,32.01,0.0825425218639214,0.4462303180366216,0.7590961126540202,0.9863477722191063,0.28730214385542163,0.5097863303521666,0.5440988440310648,0.4890988440310648,2.209847624291172e-08,3.627393106092128e-08,0.061861045520764615,0.1778827008055005,13.0,3.25,3.1980895792221435e-08,6.27785086239692e-08,1.0,2.308307000930654
980.0,32.34,0.08254252186392108,0.4462303180366216,0.7590961126540202,0.9863477722191063,0.2873021438554211,0.5097508982322783,0.544098847405031,0.489098847405031,1.6600057886421506e-08,2.7063598789502758e-08,0.061861045520764615,0.1778827008055005,13.0,3.25,3.152488393245301e-08,6.230872532537177e-08,1.0,2.563245998317143
990.0,32.67,0.08254252186392087,0.4462303180366216,0.7590961126540202,0.9863477722191063,0.28730214385542074,0.5097217789279426,0.5440988499411792,0.4890988499411792,1.2462270213665156e-08,2.0246058803082237e-08,0.061861045520764615,0.1778827008055005,13.0,3.25,3.11360343201527e-08,6.188502263610368e-08,1.0,2.222507002443308
1000.0,33.0,0.08254252186392079,0.4462303180366216,0.7590961126540202,0.9863477722191063,0.2873021438554206,0.509697903190647,0.5440988518475264,0.4890988518475264,9.348489368071466e-09,1.567872602378828e-08,0.061861045520764615,0.1778827008055005,13.0,3.25,3.0804923843525856e-08,6.15078971125542e-08,1.0,2.363826999498997
1010.0,33.33,0.08254252186392073,0.4462303180366216,0.7590961126540202,0.9863477722191063,0.2873021438554205,0.509678347525427,0.5440988532804156,0.48909885328041564,7.005342714243249e-09,1.2241087982154839e-08,0.061861045520764615,0.1778827008055005,13.0,3.25,3.0522653974789166e-08,6.117396602306145e-08,1.0,2.2598670002480503
1020.0,33.660000000000004,0.08254252186908666,0.4462303180366216,0.7590961126540202,0.9863477722191063,0.2873021438644109,0.5079313827052939,0.5440947380923079,0.4890947380923079,1.1621127545754686e-06,6.111160779269322e-06,0.061861045520764615,0.1778827008055005,13.0,3.25,3.6562320354314724e-05,0.00022637994515024886,1.0,2.59584699961124
1030.0,33.99,0.08254252186680959,0.4462303180366216,0.7590961126540202,0.9863477722191063,0.28730214386044806,0.5086984446270719,0.5440956856889623,0.4890956856889623,9.317509677544618e-07,4.554349918716353e-06,0.061861045520764615,0.1778827008055005,13.0,3.25,1.3332386114925222e-05,8.735977019855575e-05,1.0,2.3503869997512084
1040.0,34.32,0.08254252186559606,0.4462303180366216,0.7590961126540202,0.9863477722191063,0.28730214385833613,0.5093775689879673,0.5440964039645746,0.4890964039645746,7.379367982742922e-07,3.436593895777961e-06,0.061861045520764615,0.1778827008055005,13.0,3.25,4.769944365119749e-06,2.3671164164941367e-05,1.0,2.2795859986217692
1050.0,34.65,0.08254252186504214,0.4462303180366216,0.7590961126540202,0.9863477722191063,0.2873021438573721,0.5099507340939999,0.5440969394857516,0.48909693948575156,7.499836263039671e-07,2.6364183118546417e-06,0.061861045520764615,0.1778827008055005,13.0,3.25,5.092050060101518e-05,0.0003715403637658388,1.0,2.222627997980453
1060.0,34.980000000000004,0.08254252186486692,0.4462303180366216,0.7590961126540202,0.9863477722191063,0.28730214385706715,0.510446756895761,0.5440973109678731,0.48909731096787307,8.171549328617923e-07,2.0977494361749847e-06,0.061861045520764615,0.1778827008055005,13.0,3.25,3.5448536884341025e-05,9.87022625268734e-05,1.0,2.465066998411203
1070.0,35.31,0.08254252186465211,0.4462303180366216,0.7590961126540202,0.9863477722191063,0.28730214385669334,0.5108396903668571,0.5440975401601147,0.4890975401601147,7.072340942580586e-07,1.774437364689165e-06,0.061861045520764615,0.1778827008055005,13.0,3.25,1.1077344092471868e-05,2.5443098316501672e-05,1.0,2.1564170019701123
1080.0,35.64,0.08254252196387998,0.4462303180366216,0.7590961126540202,0.9863477722191063,0.28730214402938237,0.5095870155553174,0.5440972284383727,0.4890972284383727,5.1848282795969275e-06,2.7619627607239383e-05,0.061861045520764615,0.1778827008055005,13.0,3.25,0.005995322875393001,0.04662143625981078,0.9139706790383656,2.1545969975704793
1090.0,35.97,0.08254252195274758,0.4462303180366216,0.7590961126540202,0.9863477722191063,0.28730214401000836,0.5105255893639805,0.5440974981004056,0.48909749810040565,4.602868056626611e-06,2.6303766634180826e-05,0.061861045520764615,0.1778827008055005,13.0,3.25,9.048618184981538e-06,5.980011223641553e-05,1.0,2.3371469978883397
1100.0,36.300000000000004,0.08254252194849153,0.4462303180366216,0.7590961126540202,0.9863477722191063,0.28730214400260146,0.5113860875059266,0.5440978157572763,0.48909781575727634,4.225810356497806e-06,2.5828982391303767e-05,0.061861045520764615,0.1778827008055005,13.0,3.25,3.1953897978551273e-06,1.6114527832878617e-05,1.0,2.474635999533348
1110.0,36.63,0.0825425219330828,0.4462303180366216,0.7590961126540202,0.9863477722191063,0.2873021439757852,0.5121493088489797,0.5440980594272866,0.4890980594272866,3.682634375719387e-06,2.3424594295708316e-05,0.061861045520764615,0.1778827008055005,13.0,3.25,1.2102094021553442e-06,4.6642028796029665e-06,1.0,2.1972479989926796
1120.0,36.96,0.08254252191449907,0.4462303180366216,0.7590961126540202,0.9863477722191063,0.2873021439434434,0.5128382638999485,0.5440981615477989,0.4890981615477989,3.09195704977026e-06,2.0066691134080302e-05,0.061861045520764615,0.1778827008055005,13.0,3.25,1.3743535110960182e-05,4.6792526793958914e-05,1.0,2.0808670014957897
1130.0,37.29,0.08254252189811878,0.4462303180366216,0.7590961126540202,0.9863477722191063,0.2873021439149363,0.5135847708441008,0.5440982249254653,0.48909822492546534,2.52051577367579e-06,1.6512130395646558e-05,0.061861045520764615,0.1778827008055005,13.0,3.25,1.0831538612877533e-05,3.4476554785709065e-05,1.0,2.1778070004074834
1140.0,37.620000000000005,0.0825425218856837,0.4462303180366216,0.7590961126540202,0.9863477722191063,0.2873021438932952,0.5145815977298416,0.5440983147906358,0.48909831479063576,1.996914206983547e-06,1.3174151861427433e-05,0.061861045520764615,0.1778827008055005,13.0,3.25,1.0948831150093684e-07,4.110385331543276e-07,1.0,2.3464870027964935
1150.0,37.95,0.08254252187707738,0.4462303180366216,0.7590961126540202,0.9863477722191063,0.2873021438783174,0.515597180574792,0.544098447138343,0.489098447138343,1.544463516386978e-06,1.0245499035493756e-05,0.061861045520764615,0.1778827008055005,13.0,3.25,1.1392367928230139e-07,4.905368161651589e-07,1.0,2.2325269965222105
1160.0,38.28,0.08254252187171517,0.4462303180366216,0.7590961126540202,0.9863477722191063,0.2873021438689854,0.5164954939039142,0.5440985465793613,0.4890985465793613,1.1845614280684253e-06,7.887026857165913e-06,0.061861045520764615,0.1778827008055005,13.0,3.25,1.3154886927844092e-07,5.373215364947549e-07,1.0,2.199517002736684
1170.0,38.61,0.08254252186847635,0.4462303180366216,0.7590961126540202,0.9863477722191063,0.2873021438633488,0.5172925093212136,0.5440986213164785,0.48909862131647847,9.034289745427357e-07,6.030190832313341e-06,0.061861045520764615,0.1778827008055005,13.0,3.25,1.5517180067136302e-07,5.651829909287312e-07,1.0,2.269866999995429
1180.0,38.940000000000005,0.0825425218665593,0.4462303180366216,0.7590961126540202,0.9863477722191063,0.28730214386001246,0.5180060730345053,0.544098677491649,0.489098677491649,6.864142596045904e-07,4.589416899504717e-06,0.061861045520764615,0.1778827008055005,13.0,3.25,1.7696823889902498e-07,5.855430269127956e-07,1.0,2.1573680023720954
1190.0,39.27,0.08254252186543973,0.4462303180366216,0.7590961126540202,0.9863477722191063,0.287302143858064,0.5186560579743448,0.5440987196886308,0.4890987196886308,5.202224838607532e-07,3.482239449358896e-06,0.061861045520764615,0.1778827008055005,13.0,3.25,2.0071272165009014e-07,6.25562485151067e-07,1.0,2.2380970003723633
1200.0,39.6,0.0825425218647919,0.4462303180366216,0.7590961126540202,0.9863477722191063,0.2873021438569366,0.5192683969147784,0.5440987512486948,0.4890987512486948,3.936609291699822e-07,2.637108241261591e-06,0.061861045520764615,0.1778827008055005,13.0,3.25,2.308720173464018e-07,6.945205404467803e-07,1.0,2.1861470013391227
1210.0,39.93,0.0825425218644191,0.4462303180366216,0.7590961126540202,0.9863477722191063,0.28730214385628783,0.5198839535745663,0.5440987749467474,0.4890987749467474,2.975166441899925e-07,1.9944171043457505e-06,0.061861045520764615,0.1778827008055005,13.0,3.25,2.0467150231231874e-07,7.458847254889655e-07,1.0,2.4982770009955857
1220.0,40.260000000000005,0.0825425218642051,0.4462303180366216,0.7590961126540202,0.9863477722191063,0.2873021438559154,0.5205944881387625,0.5440987928919943,0.48909879289199426,2.2450454835976468e-07,1.5064821685403973e-06,0.061861045520764615,0.1778827008055005,13.0,3.25,1.642231187128484e-07,6.589194324284088e-07,1.0,2.574107002146775
1230.0,40.59,0.0825425218640826,0.4462303180366216,0.7590961126540202,0.9863477722191063,0.2873021438557022,0.5216671761280597,0.5440988069703798,0.48909880697037983,1.6914882984962107e-07,1.1364996211936762e-06,0.061861045520764615,0.1778827008055005,13.0,3.25,1.2810753576015127e-07,5.1509002081473e-07,1.0,2.1559969973168336
1240.0,40.92,0.08254252204255302,0.4462303180366216,0.7590961126540202,0.9863477722191063,0.2873021441662993,0.5300625039867253,0.5440986501521807,0.48909865015218074,6.438709794287251e-06,3.3399609899774114e-05,0.061861045520764615,0.1778827008055005,13.0,3.25,0.03101968967477988,0.1387460135565001,0.8510717383712995,2.207216999522643
1250.0,41.25,0.0825425221674438,0.4462303180366216,0.7590961126540202,0.9863477722191063,0.2873021443836502,0.5525595299820201,0.5440980407217688,0.4890980407217688,9.837367155875809e-06,4.7675531083519156e-05,0.061861045520764615,0.1778827008055005,13.0,3.25,0.001478080861825025,0.009271383873848968,1.0,2.3238869980559684
1260.0,41.580000000000005,0.08254252216108593,0.4462303180366216,0.7590961126540202,0.9863477722191063,0.28730214437258544,0.5558506512366224,0.5440976931540924,0.4890976931540924,1.0024607545697222e-05,4.730183828866319e-05,0.061861045520764615,0.1778827008055005,13.0,3.25,0.00011863597201483888,0.0006447846503612703,1.0,2.0675269988714717
1270.0,41.910000000000004,0.08254252212097912,0.4462303180366216,0.7590961126540202,0.9863477722191063,0.28730214430278644,0.5512423616949982,0.5440979210649133,0.4890979210649133,8.905192795718255e-06,4.4398697036133596e-05,0.061861045520764615,0.1778827008055005,13.0,3.25,2.8909234508627e-05,6.61318173586404e-05,1.0,2.427376999548869
1280.0,42.24,0.08254252205314219,0.4462303180366216,0.7590961126540202,0.9863477722191063,0.28730214418472794,0.5450608189489519,0.5440981619376366,0.4890981619376366,7.462811741410646e-06,3.823986528331555e-05,0.061861045520764615,0.1778827008055005,13.0,3.25,5.803574688464101e-06,1.3975826107849704e-05,1.0,2.3425269973813556
1290.0,42.57,0.08254252198951952,0.4462303180366216,0.7590961126540202,0.9863477722191063,0.28730214407400356,0.5390876846205064,0.5440984448375403,0.48909844483754034,5.93691125583808e-06,3.123538676217735e-05,0.061861045520764615,0.1778827008055005,13.0,3.25,5.240855098312214e-06,1.1205159876155946e-05,1.0,2.2365570002875756
1300.0,42.9,0.08254252194342744,0.4462303180366216,0.7590961126540202,0.9863477722191063,0.28730214399378823,0.533863090464008,0.544098577623022,0.48909857762302206,4.662902446993616e-06,2.489423961844758e-05,0.061861045520764615,0.1778827008055005,13.0,3.25,1.5070833515706175e-06,5.030783351989161e-06,1.0,2.4104759977490176
1310.0,43.230000000000004,0.08254252191264477,0.4462303180366216,0.7590961126540202,0.9863477722191063,0.2873021439402163,0.5295121500183764,0.5440986373836433,0.4890986373836433,3.6314038384680067e-06,1.9510875349666075e-05,0.061861045520764615,0.1778827008055005,13.0,3.25,2.2817293824815913e-06,5.807966709927296e-06,1.0,2.3020370026642922
1320.0,43.56,0.08254252189311562,0.4462303180366216,0.7590961126540202,0.9863477722191063,0.28730214390622916,0.5259720929398805,0.5440986687990185,0.4890986687990185,2.8116521599428937e-06,1.511841211044649e-05,0.061861045520764615,0.1778827008055005,13.0,3.25,3.6987617564811997e-06,9.26341262280762e-06,1.0,2.192166997701861
1330.0,43.89,0.08254252188119579,0.4462303180366216,0.7590961126540202,0.9863477722191063,0.28730214388548475,0.5231277226217432,0.5440986757834003,0.4890986757834003,2.1798055410888232e-06,1.1641659570204876e-05,0.061861045520764615,0.1778827008055005,13.0,3.25,5.005042342906269e-06,1.2309312159043221e-05,1.0,2.4988170007418375
1340.0,44.22,0.0825425218740255,0.4462303180366216,0.7590961126540202,0.9863477722191063,0.2873021438730061,0.5208580119940066,0.5440986906731176,0.48909869067311756,1.6816539969033491e-06,8.908673818928172e-06,0.061861045520764615,0.1778827008055005,13.0,3.25,6.132755558776398e-08,1.4687229449653892e-07,1.0,2.327296999283135
1350.0,44.550000000000004,0.08254252186974287,0.4462303180366216,0.7590961126540202,0.9863477722191063,0.2873021438655529,0.5190416162434657,0.5440987310889047,0.4890987310889047,1.275046955805305e-06,6.762913241483362e-06,0.061861045520764615,0.1778827008055005,13.0,3.25,7.165900944125794e-08,1.6383332143259403e-07,1.0,2.3238470021169633
1360.0,44.88,0.0825425218672581,0.4462303180366216,0.7590961126540202,0.9863477722191063,0.2873021438612286,0.5175843403819139,0.5440987613561199,0.4890987613561199,9.648998360567342e-07,5.1206679400269425e-06,0.061861045520764615,0.1778827008055005,13.0,3.25,8.107646073364744e-08,1.7961728535309155e-07,1.0,2.362686998822028
1370.0,45.21,0.08254252186582708,0.4462303180366216,0.7590961126540202,0.9863477722191063,0.28730214385873815,0.516412717779985,0.5440987839836097,0.4890987839836097,7.293660680775794e-07,3.870369678690384e-06,0.061861045520764615,0.1778827008055005,13.0,3.25,9.030876425487267e-08,1.9535950577774862e-07,1.0,2.247156997327693
1380.0,45.54,0.08254252186500714,0.4462303180366216,0.7590961126540202,0.9863477722191063,0.28730214385731123,0.5154680370040985,0.544098800891508,0.489098800891508,5.510259494442117e-07,2.9218931016979363e-06,0.061861045520764615,0.1778827008055005,13.0,3.25,9.679104956624923e-08,2.0536328907372707e-07,1.0,2.7385570028855
1390.0,45.870000000000005,0.08254252186453889,0.4462303180366216,0.7590961126540202,0.9863477722191063,0.2873021438564963,0.5147038358272465,0.5440988135327747,0.4890988135327747,4.1625923384877494e-07,2.2041595200513286e-06,0.061861045520764615,0.1778827008055005,13.0,3.25,1.0107351379858314e-07,2.1111406659316393e-07,1.0,2.277527000842383
1400.0,46.2,0.08254252186427216,0.4462303180366216,0.7590961126540202,0.9863477722191063,0.2873021438560321,0.5140835192854066,0.5440988229931847,0.4890988229931847,3.14555582574164e-07,1.6619659020307436e-06,0.061861045520764615,0.1778827008055005,13.0,3.25,1.0372226584253571e-07,2.1393769564757945e-07,1.0,2.3822270013624802
1410.0,46.53,0.0825425218641204,0.4462303180366216,0.7590961126540202,0.9863477722191063,0.28730214385576797,0.5135783035203683,0.5440988300819358,0.48909883008193583,2.378712385099968e-07,1.2528666339080423e-06,0.061861045520764615,0.1778827008055005,13.0,3.25,1.0519589426304609e-07,2.1480962540318815e-07,1.0,2.301827000337653
1420.0,46.86,0.08254252186403419,0.4462303180366216,0.7590961126540202,0.9863477722191063,0.2873021438556179,0.5131655275333764,0.5440988354013865,0.4890988354013865,1.8008421330459187e-07,9.444446051007953e-07,0.061861045520764615,0.1778827008055005,13.0,3.25,1.0584896846450372e-07,2.144244418088645e-07,1.0,2.323895998415537
1430.0,47.190000000000005,0.08254252186398521,0.4462303180366216,0.7590961126540202,0.9863477722191063,0.2873021438555327,0.5128273065297743,0.5440988393996418,0.48909883939964177,1.3655272463481067e-07,7.120555561112388e-07,0.061861045520764615,0.1778827008055005,13.0,3.25,1.0596990660514166e-07,2.1331024223243378e-07,1.0,2.3116859993024264
1440.0,47.52,0.08254252186395736,0.4462303180366216,0.7590961126540202,0.9863477722191063,0.28730214385548425,0.5125494758121202,0.5440988424102196,0.48909884241021956,1.0376620803147874e-07,5.370234414650173e-07,0.061861045520764615,0.1778827008055005,13.0,3.25,1.0572895470435108e-07,2.1175585600857916e-07,1.0,2.4835660005919635
1450.0,47.85,0.0825425218639416,0.4462303180366216,0.7590961126540202,0.9863477722191063,0.2873021438554568,0.5123207706226871,0.5440988446816417,0.4890988446816417,7.907412680425668e-08,4.052258955865499e-07,0.061861045520764615,0.1778827008055005,13.0,3.25,1.0526305713411602e-07,2.0998740516626706e-07,1.0,2.2631069987255614
1460.0,48.18,0.0825425219261989,0.4462303180366216,0.7590961126540202,0.9863477722191063,0.28730214396380493,0.5121615055194116,0.5440985354365829,0.48909853543658294,4.197011004967101e-06,2.700129813673834e-05,0.061861045520764615,0.1778827008055005,13.0,3.25,0.0015924059478723126,0.012349021598720498,0.9740701797369902,2.1982770012982655
1470.0,48.510000000000005,0.08254252191156013,0.4462303180366216,0.7590961126540202,0.9863477722191063,0.28730214393832865,0.5120983451960106,0.5440981744877416,0.48909817448774157,3.912613037153757e-06,2.3492861660020663e-05,0.061861045520764615,0.1778827008055005,13.0,3.25,0.00016506712895764794,0.0010278676660383332,1.0,2.5921259984897915
1480.0,48.84,0.08254252190857553,0.4462303180366216,0.7590961126540202,0.9863477722191063,0.28730214393313447,0.5120521966860494,0.5440983494463145,0.48909834944631453,3.7509293785689474e-06,2.2752053237469116e-05,0.061861045520764615,0.1778827008055005,13.0,3.25,0.0006657049829482829,0.004578284286411411,1.0,2.7054359998146538
1490.0,49.17,0.08254252191249926,0.4462303180366216,0.7590961126540202,0.9863477722191063,0.28730214393996306,0.5120179485165083,0.544098252906078,0.48909825290607806,4.471940680295865e-06,2.0361538691698708e-05,0.061861045520764615,0.1778827008055005,13.0,3.25,6.22500672339241e-05,0.000417385182241048,1.0,2.6288869994459674
1500.0,49.5,0.08254252190163887,0.4462303180366216,0.7590961126540202,0.9863477722191063,0.2873021439210624,0.5119914298790607,0.5440984491312736,0.4890984491312736,3.827355215156079e-06,1.7190316845263713e-05,0.061861045520764615,0.1778827008055005,13.0,3.25,3.423300494985063e-06,6.7073214575869984e-06,1.0,2.157997001631884
1510.0,49.830000000000005,0.08254252189158318,0.4462303180366216,0.7590961126540202,0.9863477722191063,0.28730214390356223,0.5119664828720093,0.5440985350872697,0.4890985350872697,3.2301136406108185e-06,1.3958692644590018e-05,0.061861045520764615,0.1778827008055005,13.0,3.25,1.0013721453611052e-05,2.497018085688139e-05,1.0,2.1549170014623087
1520.0,50.160000000000004,0.08254252188263206,0.4462303180366216,0.7590961126540202,0.9863477722191063,0.28730214388798436,0.5119469494060379,0.5440985781750085,0.4890985781750085,2.660712499622688e-06,1.1053055463514372e-05,0.061861045520764615,0.1778827008055005,13.0,3.25,9.182055669076292e-06,1.8951254630651246e-05,1.0,2.132827998138964
1530.0,50.49,0.08254252187596497,0.4462303180366216,0.7590961126540202,0.9863477722191063,0.2873021438763814,0.511933383121885,0.5440986172948897,0.48909861729488974,2.1465207428959726e-06,8.621221344474473e-06,0.061861045520764615,0.1778827008055005,13.0,3.25,6.4991000467098675e-06,1.1741039369607685e-05,1.0,2.6681160015868954
1540.0,50.82,0.08254252187142111,0.4462303180366216,0.7590961126540202,0.9863477722191063,0.28730214386847364,0.5119231456758985,0.5440986525889203,0.4890986525889203,1.708158868027271e-06,6.6594606118816485e-06,0.061861045520764615,0.1778827008055005,13.0,3.25,4.975386116498011e-06,9.180984451752581e-06,1.0,2.2055369990994222
1550.0,51.150000000000006,0.08254252186849811,0.4462303180366216,0.7590961126540202,0.9863477722191063,0.28730214386338665,0.5119151503752941,0.5440986825509453,0.4890986825509453,1.350051110732378e-06,5.113245929623835e-06,0.061861045520764615,0.1778827008055005,13.0,3.25,4.107610238745758e-06,8.084213421529878e-06,1.0,2.717975999985356
1560.0,51.480000000000004,0.08254252186668733,0.4462303180366216,0.7590961126540202,0.9863477722191063,0.2873021438602353,0.5119088500627835,0.5440987061459017,0.48909870614590173,1.0665660329605634e-06,3.913878466784407e-06,0.061861045520764615,0.1778827008055005,13.0,3.25,3.832123528756395e-06,8.014485363214667e-06,1.0,2.108957000018563
1570.0,51.81,0.08254252186559166,0.4462303180366216,0.7590961126540202,0.9863477722191063,0.2873021438583285,0.5119039414829398,0.5440987235431614,0.48909872354316136,8.470591865181422e-07,2.9939126592261414e-06,0.061861045520764615,0.1778827008055005,13.0,3.25,3.6600848348663616e-06,8.070871891649406e-06,1.0,2.336486999411136
1580.0,52.14,0.0825425218649123,0.4462303180366216,0.7590961126540202,0.9863477722191063,0.28730214385714614,0.5119002220950291,0.5440987449234225,0.4890987449234225,6.625565650870701e-07,2.28060731277483e-06,0.061861045520764615,0.1778827008055005,13.0,3.25,3.605528163374698e-08,8.201321891676168e-08,1.0,3.1769650013302453
1590.0,52.470000000000006,0.0825425218644885,0.4462303180366216,0.7590961126540202,0.9863477722191063,0.2873021438564086,0.5118972227011492,0.5440987723903137,0.4890987723903137,5.008486855557081e-07,1.7224621939873774e-06,0.061861045520764615,0.1778827008055005,13.0,3.25,3.798222977120484e-08,8.570338413626379e-08,1.0,2.7243969998380635
1600.0,52.800000000000004,0.08254252186424485,0.4462303180366216,0.7590961126540202,0.9863477722191063,0.28730214385598457,0.5118947154328809,0.5440987930425452,0.48909879304254517,3.782728257995929e-07,1.2995991220601923e-06,0.061861045520764615,0.1778827008055005,13.0,3.25,3.980448395461655e-08,8.918533189129738e-08,1.0,2.3764670004311483
1610.0,53.13,0.08254252186410538,0.4462303180366216,0.7590961126540202,0.9863477722191063,0.2873021438557418,0.5118926227108248,0.5440988085681293,0.4890988085681293,2.855723187092383e-07,9.798998751459368e-07,0.061861045520764615,0.1778827008055005,13.0,3.25,4.1661222365715286e-08,9.266344215014635e-08,1.0,2.1503469979506917
1620.0,53.46,0.08254252186402579,0.4462303180366216,0.7590961126540202,0.9863477722191063,0.2873021438556033,0.5118908801077471,0.5440988202371175,0.48909882023711754,2.155794456643802e-07,7.385505900528469e-07,0.061861045520764615,0.1778827008055005,13.0,3.25,4.3531892299140645e-08,9.613120274100747e-08,1.0,2.309366998815676
1630.0,53.79,0.08254252186398045,0.4462303180366216,0.7590961126540202,0.9863477722191063,0.28730214385552444,0.5118894341717832,0.5440988290044717,0.4890988290044717,1.627947095485632e-07,5.565390497200887e-07,0.061861045520764615,0.1778827008055005,13.0,3.25,4.548166530689104e-08,9.981422851641896e-08,1.0,2.18277699968894
1640.0,54.120000000000005,0.08254252186395468,0.4462303180366216,0.7590961126540202,0.9863477722191063,0.2873021438554796,0.5118882404819711,0.5440988355883654,0.48909883558836537,1.2302329833492831e-07,4.193786128238932e-07,0.061861045520764615,0.1778827008055005,13.0,3.25,4.750264671601086e-08,1.0372983817771513e-07,1.0,2.5059969993890263
1650.0,54.45,0.08254252186394002,0.4462303180366216,0.7590961126540202,0.9863477722191063,0.28730214385545405,0.5118872620705721,0.5440988405302083,0.4890988405302083,9.307689271376672e-08,3.160716997004018e-07,0.061861045520764615,0.1778827008055005,13.0,3.25,4.927918210562239e-08,1.0718005942844336e-07,1.0,2.1728569990955293
1660.0,54.78,0.08254252186393168,0.4462303180366216,0.7590961126540202,0.9863477722191063,0.28730214385543956,0.5118864677686012,0.5440988442381985,0.48909884423819855,7.053913652429601e-08,2.3829163841415524e-07,0.061861045520764615,0.1778827008055005,13.0,3.25,5.08011442897437e-08,1.101379995134545e-07,1.0,2.4602669982414227
1670.0,55.11,0.08254252186392694,0.4462303180366216,0.7590961126540202,0.9863477722191063,0.2873021438554313,0.5118858309059812,0.5440988470194439,0.4890988470194439,5.358340984453306e-08,1.797465145682389e-07,0.061861045520764615,0.1778827008055005,13.0,3.25,5.2076183694561635e-08,1.1261285180640269e-07,1.0,2.2041269985493273
1680.0,55.440000000000005,0.08254252186392423,0.4462303180366216,0.7590961126540202,0.9863477722191063,0.2873021438554266,0.5118853281699846,0.5440988491048944,0.4890988491048944,4.0830934615840203e-08,1.3568816616767468e-07,0.061861045520764615,0.1778827008055005,13.0,3.25,5.312807429495475e-08,1.1464833252309517e-07,1.0,2.1760970012110192
1690.0,55.77,0.08254252186392272,0.4462303180366216,0.7590961126540202,0.9863477722191063,0.28730214385542396,0.5118849387247549,0.5440988506681532,0.48909885066815323,3.1242065161959926e-08,1.0253670374692339e-07,0.061861045520764615,0.1778827008055005,13.0,3.25,5.398062230168847e-08,1.1628928052436386e-07,1.0,2.2069770020607393
1700.0,56.1,0.08254252186392182,0.4462303180366216,0.7590961126540202,0.9863477722191063,0.2873021438554224,0.5118846434591934,0.5440988518396642,0.48909885183966423,2.4033459696735638e-08,7.759479900241946e-08,0.061861045520764615,0.1778827008055005,13.0,3.25,5.466301836500764e-08,1.1759308070663864e-07,1.0,2.5473969981248956
1710.0,56.43,0.08254252186392132,0.4462303180366216,0.7590961126540202,0.9863477722191063,0.2873021438554215,0.5118844249593785,0.5440988527173873,0.48909885271738734,1.8615242681387124e-08,5.883105240976162e-08,0.061861045520764615,0.1778827008055005,13.0,3.25,5.5203833324695766e-08,1.1861677579911423e-07,1.0,2.2083469993958715
1720.0,56.760000000000005,0.08254252186392103,0.4462303180366216,0.7590961126540202,0.9863477722191063,0.287302143855421,0.5118842672966551,0.5440988533748543,0.4890988533748543,1.4543414681683637e-08,4.47160894389039e-08,0.061861045520764615,0.1778827008055005,13.0,3.25,5.562916061538347e-08,1.1941290280806975e-07,1.0,2.2020669966877904
1730.0,57.09,0.08254252186392087,0.4462303180366216,0.7590961126540202,0.9863477722191063,0.28730214385542074,0.5118841564294719,0.5440988538671722,0.48909885386717217,1.1484007752992922e-08,3.4098867454324346e-08,0.061861045520764615,0.1778827008055005,13.0,3.25,5.600114233899689e-08,1.201111691887694e-07,1.0,2.158917999622645
1740.0,57.42,0.0825425218639208,0.4462303180366216,0.7590961126540202,0.9863477722191063,0.28730214385542063,0.511884080194617,0.5440988542355074,0.4890988542355074,9.186096207429244e-09,2.61134129068327e-08,0.061861045520764615,0.1778827008055005,13.0,3.25,5.63132857436563e-08,1.206956287021545e-07,1.0,2.2517069992318284
1750.0,57.75,0.08254252186392076,0.4462303180366216,0.7590961126540202,0.9863477722191063,0.2873021438554205,0.5118840284267481,0.5440988545109846,0.4890988545109846,7.46048818500522e-09,2.0107710937630775e-08,0.061861045520764615,0.1778827008055005,13.0,3.25,5.655821977784143e-08,1.2114903550591652e-07,1.0,2.191406998463208
1760.0,58.080000000000005,0.08254252186392072,0.4462303180366216,0.7590961126540202,0.9863477722191063,0.28730214385542047,0.5118839943485237,0.5440988547169574,0.4890988547169574,6.1648782257430544e-09,1.5591156111032937e-08,0.061861045520764615,0.1778827008055005,13.0,3.25,5.6749747784486205e-08,1.214993668915136e-07,1.0,2.290757001901511
1770.0,58.410000000000004,0.08254252186392068,0.4462303180366216,0.7590961126540202,0.9863477722191063,0.2873021438554204,0.5118839721075162,0.5440988548709216,0.4890988548709216,5.192284642429155e-09,1.2194656215371842e-08,0.061861045520764615,0.1778827008055005,13.0,3.25,5.689890969307303e-08,1.2176884785830368e-07,1.0,2.42719599918928
1780.0,58.74,0.08254252186392065,0.4462303180366216,0.7590961126540202,0.9863477722191063,0.28730214385542036,0.5118839578913252,0.5440988549859823,0.4890988549859823,4.462294092948798e-09,9.640553041963968e-09,0.061861045520764615,0.1778827008055005,13.0,3.25,5.7014473595487964e-08,1.2197501447087864e-07,1.0,2.317116999620339
1790.0,59.07,0.08254252186392068,0.4462303180366216,0.7590961126540202,0.9863477722191063,0.2873021438554204,0.511883948620198,0.5440988550719521,0.4890988550719521,3.914473115342371e-09,7.71998381030479e-09,0.061861045520764615,0.1778827008055005,13.0,3.25,5.710339430709344e-08,1.2213162620830236e-07,1.0,2.6432259983266704
1800.0,59.400000000000006,0.08254252186392068,0.4462303180366216,0.7590961126540202,0.9863477722191063,0.2873021438554204,0.5118839426852403,0.5440988551361764,0.4890988551361764,3.503412342846849e-09,6.275844758872226e-09,0.061861045520764615,0.1778827008055005,13.0,3.25,5.717120629632063e-08,1.2224951669199264e-07,1.0,2.3756270020385273
1810.0,59.730000000000004,0.08254252186392062,0.4462303180366216,0.7590961126540202,0.9863477722191063,0.2873021438554203,0.5118839389612456,0.5440988551841522,0.48909885518415225,3.1949982605776334e-09,5.189970760529822e-09,0.061861045520764615,0.1778827008055005,13.0,3.25,5.722235413120557e-08,1.2233725707262643e-07,1.0,2.200897000875557
1820.0,60.06,0.08254252186392066,0.4462303180366216,0.7590961126540202,0.9863477722191063,0.28730214385542036,0.5118839367558011,0.5440988552199912,0.48909885521999125,2.963609408745341e-09,4.93341559003586e-09,0.061861045520764615,0.1778827008055005,13.0,3.25,5.726041754452327e-08,1.224016825254601e-07,1.0,2.26392699914868
1830.0,60.39,0.08254252186392065,0.4462303180366216,0.7590961126540202,0.9863477722191063,0.28730214385542036,0.5118839353491771,0.5440988552467676,0.4890988552467676,2.7900079822791486e-09,4.8620380301870925e-09,0.061861045520764615,0.1778827008055005,13.0,3.25,5.7288307340693875e-08,1.224482408978745e-07,1.0,2.1902369990129955
1840.0,60.720000000000006,0.08254252186392065,0.4462303180366216,0.7590961126540202,0.9863477722191063,0.28730214385542036,0.5118839342852437,0.5440988552667778,0.4890988552667778,2.659754131157613e-09,4.809137096493268e-09,0.061861045520764615,0.1778827008055005,13.0,3.25,5.730840498025177e-08,1.2248133655747976e-07,1.0,2.4325870035681874
1850.0,61.050000000000004,0.08254252186392066,0.4462303180366216,0.7590961126540202,0.9863477722191063,0.28730214385542036,0.5118839334950418,0.544098855281737,0.48909885528173697,2.5620129724614076e-09,4.769910665953196e-09,0.061861045520764615,0.1778827008055005,13.0,3.25,5.7322626533615546e-08,1.225044447886499e-07,1.0,2.1712870002374984
1860.0,61.38,0.08254252186392064,0.4462303180366216,0.7590961126540202,0.9863477722191063,0.28730214385542036,0.5118839325950837,0.5440988552929255,0.48909885529292546,2.488657167795335e-09,4.7408019665620375e-09,0.061861045520764615,0.1778827008055005,13.0,3.25,5.733251684307578e-08,1.2252030822283348e-07,1.0,2.2405669988074806
1870.0,61.71,0.08254252186392066,0.4462303180366216,0.7590961126540202,0.9863477722191063,0.28730214385542036,0.5118839317974024,0.5440988553012978,0.48909885530129776,2.4335918824454153e-09,4.7191800648935576e-09,0.061861045520764615,0.1778827008055005,13.0,3.25,5.733928228980273e-08,1.2253103384176688e-07,1.0,2.175497000280302
1880.0,62.040000000000006,0.08254252186392064,0.4462303180366216,0.7590961126540202,0.9863477722191063,0.28730214385542036,0.5118839314265442,0.5440988553075663,0.4890988553075663,2.392247510108794e-09,4.70310119687677e-09,0.061861045520764615,0.1778827008055005,13.0,3.25,5.734382955241864e-08,1.2253817326658774e-07,1.0,2.281616998516256
1890.0,62.370000000000005,0.08254252186392066,0.4462303180366216,0.7590961126540202,0.9863477722191063,0.28730214385542036,0.5118839312830329,0.5440988553122623,0.4890988553122623,2.3611980441337863e-09,4.691129951911362e-09,0.061861045520764615,0.1778827008055005,13.0,3.25,5.7346852756091066e-08,1.2254287741686217e-07,1.0,2.170387000660412
1900.0,62.7,0.08254252186392066,0.4462303180366216,0.7590961126540202,0.9863477722191063,0.28730214385542036,0.5118839313262518,0.5440988553157823,0.4890988553157823,2.337874748829529e-09,4.682206163427073e-09,0.061861045520764615,0.1778827008055005,13.0,3.25,5.734883810348185e-08,1.2254592344466318e-07,1.0,2.262666999740759
1910.0,63.03,0.08254252186392069,0.4462303180366216,0.7590961126540202,0.9863477722191063,0.2873021438554204,0.5118839315391638,0.5440988553184221,0.48909885531842207,2.3203513128021583e-09,4.6755460901952454e-09,0.061861045520764615,0.1778827008055005,13.0,3.25,5.735012106724675e-08,1.2254789560373675e-07,1.0,2.6606060018821154
1920.0,63.36,0.08254252186392061,0.4462303180366216,0.7590961126540202,0.9863477722191063,0.2873021438554203,0.5118839321395425,0.5440988553204027,0.4890988553204027,2.307182803892196e-09,4.670569949333891e-09,0.061861045520764615,0.1778827008055005,13.0,3.25,5.735093902759061e-08,1.2254915649350353e-07,1.0,2.4041469987423625
1930.0,63.690000000000005,0.08254252186392062,0.4462303180366216,0.7590961126540202,0.9863477722191063,0.2873021438554203,0.5118839324539826,0.5440988553218893,0.4890988553218893,2.2972851865147836e-09,4.666848280124716e-09,0.061861045520764615,0.1778827008055005,13.0,3.25,5.735146267087559e-08,1.2254994035449344e-07,1.0,2.5402769970241934
1940.0,64.02,0.08254252186392064,0.4462303180366216,0.7590961126540202,0.9863477722191063,0.28730214385542036,0.5118839325353486,0.5440988553230056,0.4890988553230056,2.289844722514551e-09,4.66406210243432e-09,0.061861045520764615,0.1778827008055005,13.0,3.25,5.735179144063705e-08,1.2255043965905603e-07,1.0,2.136496997991344
1950.0,64.35000000000001,0.08254252186392061,0.4462303180366216,0.7590961126540202,0.9863477722191063,0.2873021438554203,0.5118839323918015,0.544098855323844,0.48909885532384406,2.2842507109809596e-09,4.661974708748428e-09,0.061861045520764615,0.1778827008055005,13.0,3.25,5.7352002957179084e-08,1.225507545607142e-07,1.0,2.381816000706749
1960.0,64.68,0.08254252186392066,0.4462303180366216,0.7590961126540202,0.9863477722191063,0.28730214385542036,0.5118839320710107,0.5440988553244741,0.4890988553244741,2.2800443958036417e-09,4.660409901251954e-09,0.061861045520764615,0.1778827008055005,13.0,3.25,5.7352128443867536e-08,1.2255095418158527e-07,1.0,2.20707699918421
1970.0,65.01,0.08254252186392065,0.4462303180366216,0.7590961126540202,0.9863477722191063,0.28730214385542036,0.5118839319234758,0.5440988553249473,0.4890988553249473,2.2768812221968496e-09,4.659236159985178e-09,0.061861045520764615,0.1778827008055005,13.0,3.25,5.735222073726597e-08,1.2255111532409502e-07,1.0,2.483167001628317
1980.0,65.34,0.08254252186392064,0.4462303180366216,0.7590961126540202,0.9863477722191063,0.28730214385542036,0.5118839321256797,0.5440988553253032,0.48909885532530323,2.2745024046565304e-09,4.658355504236625e-09,0.061861045520764615,0.1778827008055005,13.0,3.25,5.735228853126155e-08,1.2255121171524078e-07,1.0,2.2359569993568584
1990.0,65.67,0.08254252186392065,0.4462303180366216,0.7590961126540202,0.9863477722191063,0.28730214385542036,0.5118839322092946,0.5440988553255706,0.48909885532557057,2.272713220199705e-09,4.657694448391549e-09,0.061861045520764615,0.1778827008055005,13.0,3.25,5.7352331790189115e-08,1.22551264508461e-07,1.0,2.2668069977953564
2000.0,66.0,0.08254252186392065,0.4462303180366216,0.7590961126540202,0.9863477722191063,0.28730214385542036,0.5118839321093455,0.5440988553257716,0.48909885532577163,2.2713674774101225e-09,4.657198109107968e-09,0.061861045520764615,0.1778827008055005,13.0,3.25,5.735235828840927e-08,1.225513076000971e-07,1.0,2.6266360000590794
2010.0,66.33,0.08254252186392062,0.4462303180366216,0.7590961126540202,0.9863477722191063,0.2873021438554203,0.5118839317370639,0.5440988553259228,0.48909885532592284,2.270355231889257e-09,4.656825426256042e-09,0.061861045520764615,0.1778827008055005,13.0,3.25,5.7352373762238914e-08,1.2255133427238617e-07,1.0,2.2260869991441723
2020.0,66.66,0.08254252186392065,0.4462303180366216,0.7590961126540202,0.9863477722191063,0.28730214385542036,0.5118839313028213,0.5440988553260364,0.4890988553260364,2.2695938396322185e-09,4.656545402477287e-09,0.061861045520764615,0.1778827008055005,13.0,3.25,5.735239152087902e-08,1.2255135929164763e-07,1.0,2.28972600234556
2030.0,66.99000000000001,0.08254252186392064,0.4462303180366216,0.7590961126540202,0.9863477722191063,0.28730214385542036,0.511883931158893,0.5440988553261219,0.4890988553261219,2.2690211410918054e-09,4.6563350752645185e-09,0.061861045520764615,0.1778827008055005,13.0,3.25,5.735239562428505e-08,1.2255136867880258e-07,1.0,2.3456169983546715
2040.0,67.32000000000001,0.08254252186392064,0.4462303180366216,0.7590961126540202,0.9863477722191063,0.28730214385542036,0.5118839310515351,0.5440988553261861,0.4890988553261861,2.268590265709675e-09,4.656176984716275e-09,0.061861045520764615,0.1778827008055005,13.0,3.25,5.7352399299297306e-08,1.2255137423985562e-07,1.0,2.34101699970779
2050.0,67.65,0.08254252186392064,0.4462303180366216,0.7590961126540202,0.9863477722191063,0.28730214385542036,0.511883930789226,0.5440988553262345,0.4890988553262345,2.2682662196288397e-09,4.656058288312666e-09,0.061861045520764615,0.1778827008055005,13.0,3.25,5.735240633486419e-08,1.2255137963771752e-07,1.0,2.320547002454987
2060.0,67.98,0.08254252186392065,0.4462303180366216,0.7590961126540202,0.9863477722191063,0.28730214385542036,0.5118839305880015,0.5440988553262708,0.4890988553262708,2.268022466714972e-09,4.6559691135693526e-09,0.061861045520764615,0.1778827008055005,13.0,3.25,5.7352415510785404e-08,1.2255138605306473e-07,1.0,2.4476770013279747
2070.0,68.31,0.08254252186392066,0.4462303180366216,0.7590961126540202,0.9863477722191063,0.28730214385542036,0.5118839303944255,0.5440988553262981,0.4890988553262981,2.2678390891724403e-09,4.655902253967849e-09,0.061861045520764615,0.1778827008055005,13.0,3.25,5.735242277681609e-08,1.2255140362217887e-07,1.0,2.2082370014686603
2080.0,68.64,0.08254252186392064,0.4462303180366216,0.7590961126540202,0.9863477722191063,0.28730214385542036,0.5118839301857852,0.5440988553263185,0.4890988553263185,2.2677012607643577e-09,4.655852083150946e-09,0.061861045520764615,0.1778827008055005,13.0,3.25,5.735243083297383e-08,1.2255141451890423e-07,1.0,2.3644569992029574
2090.0,68.97,0.08254252186392068,0.4462303180366216,0.7590961126540202,0.9863477722191063,0.2873021438554204,0.5118839304957741,0.544098855326334,0.48909885532633396,2.267597534695932e-09,4.655814459779215e-09,0.061861045520764615,0.1778827008055005,13.0,3.25,5.735242423774791e-08,1.2255141310319425e-07,1.0,2.284826998220524
2100.0,69.3,0.08254252186392064,0.4462303180366216,0.7590961126540202,0.9863477722191063,0.28730214385542036,0.5118839303923102,0.5440988553263455,0.4890988553263455,2.26751953679283e-09,4.655786194597511e-09,0.061861045520764615,0.1778827008055005,13.0,3.25,5.735242637904586e-08,1.2255141629153706e-07,1.0,2.417847001197515
2110.0,69.63000000000001,0.08254252186392066,0.4462303180366216,0.7590961126540202,0.9863477722191063,0.28730214385542036,0.5118839302789024,0.5440988553263542,0.48909885532635416,2.267460919602314e-09,4.655765079042953e-09,0.061861045520764615,0.1778827008055005,13.0,3.25,5.735243098170711e-08,1.2255143513960547e-07,1.0,2.3965869986568578
2120.0,69.96000000000001,0.08254252186392065,0.4462303180366216,0.7590961126540202,0.9863477722191063,0.28730214385542036,0.5118839303843485,0.5440988553263608,0.4890988553263608,2.2674168571347813e-09,4.655749266162912e-09,0.061861045520764615,0.1778827008055005,13.0,3.25,5.735243369284856e-08,1.2255143751909294e-07,1.0,2.205846998549532
2130.0,70.29,0.08254252186392066,0.4462303180366216,0.7590961126540202,0.9863477722191063,0.28730214385542036,0.5118839304519475,0.5440988553263657,0.4890988553263657,2.2673837627444607e-09,4.6557374898346024e-09,0.061861045520764615,0.1778827008055005,13.0,3.25,5.7352436689068016e-08,1.225514381788052e-07,1.0,2.1881869979551993
2140.0,70.62,0.08254252186392065,0.4462303180366216,0.7590961126540202,0.9863477722191063,0.28730214385542036,0.5118839305546654,0.5440988553263694,0.4890988553263694,2.267358819014125e-09,4.655728579078745e-09,0.061861045520764615,0.1778827008055005,13.0,3.25,5.735243590787333e-08,1.2255144248758966e-07,1.0,2.1463969969772734
2150.0,70.95,0.08254252186392064,0.4462303180366216,0.7590961126540202,0.9863477722191063,0.28730214385542036,0.5118839308082914,0.5440988553263721,0.48909885532637215,2.2673400655927646e-09,4.655721829314016e-09,0.061861045520764615,0.1778827008055005,13.0,3.25,5.7352439126511015e-08,1.225514471550568e-07,1.0,2.393296999798622
2160.0,71.28,0.08254252186392066,0.4462303180366216,0.7590961126540202,0.9863477722191063,0.28730214385542036,0.5118839310458942,0.5440988553263741,0.48909885532637415,2.267325895315086e-09,4.6557168027504354e-09,0.061861045520764615,0.1778827008055005,13.0,3.25,5.7352440431902475e-08,1.2255145119767644e-07,1.0,2.370226000493858
2170.0,71.61,0.08254252186392062,0.4462303180366216,0.7590961126540202,0.9863477722191063,0.2873021438554203,0.5118839312802204,0.5440988553263757,0.4890988553263757,2.2673153108074515e-09,4.655713042309641e-09,0.061861045520764615,0.1778827008055005,13.0,3.25,5.7352438985866104e-08,1.2255145081098917e-07,1.0,2.3906870010250714
2180.0,71.94,0.08254252186392061,0.4462303180366216,0.7590961126540202,0.9863477722191063,0.2873021438554203,0.5118839314799587,0.5440988553263768,0.4890988553263768,2.26730733529111e-09,4.655710281524889e-09,0.061861045520764615,0.1778827008055005,13.0,3.25,5.735244705466626e-08,1.2255145592889715e-07,1.0,2.6424569987284485
2190.0,72.27000000000001,0.08254252186392066,0.4462303180366216,0.7590961126540202,0.9863477722191063,0.28730214385542036,0.5118839313787753,0.5440988553263778,0.4890988553263778,2.267301282510746e-09,4.655708234641049e-09,0.061861045520764615,0.1778827008055005,13.0,3.25,5.7352442353136134e-08,1.2255144436438708e-07,1.0,2.458187002048362
2200.0,72.60000000000001,0.08254252186392065,0.4462303180366216,0.7590961126540202,0.9863477722191063,0.28730214385542036,0.5118839314812593,0.5440988553263784,0.48909885532637837,2.267296760305982e-09,4.655706540047873e-09,0.061861045520764615,0.1778827008055005,13.0,3.25,5.735242492631348e-08,1.2255143700291874e-07,1.0,2.4111970014928374
2210.0,72.93,0.08254252186392068,0.4462303180366216,0.7590961126540202,0.9863477722191063,0.2873021438554204,0.5118839316743626,0.5440988553263789,0.4890988553263789,2.2672934434541614e-09,4.655705445248323e-09,0.061861045520764615,0.1778827008055005,13.0,3.25,5.735243653724986e-08,1.2255146663270721e-07,1.0,2.18025800131727
2220.0,73.26,0.08254252186392066,0.4462303180366216,0.7590961126540202,0.9863477722191063,0.28730214385542036,0.5118839315745649,0.5440988553263791,0.48909885532637914,2.2672910511153e-09,4.65570519774536e-09,0.061861045520764615,0.1778827008055005,13.0,3.25,5.7352457528396636e-08,1.2255151557702257e-07,1.0,2.5018369997269474
2230.0,73.59,0.08254252186392068,0.4462303180366216,0.7590961126540202,0.9863477722191063,0.2873021438554204,0.5118839317205454,0.5440988553263791,0.48909885532637914,2.2672893906992194e-09,4.6557057213592585e-09,0.061861045520764615,0.1778827008055005,13.0,3.25,5.735248402597263e-08,1.2255157023331358e-07,1.0,2.1888270021008793
2240.0,73.92,0.08254252186392068,0.4462303180366216,0.7590961126540202,0.9863477722191063,0.2873021438554204,0.5118839317549827,0.5440988553263791,0.48909885532637914,2.2672882525542826e-09,4.655706911302317e-09,0.061861045520764615,0.1778827008055005,13.0,3.25,5.735252276534379e-08,1.2255162198901428e-07,1.0,2.197846999479225
2250.0,74.25,0.08254252186392065,0.4462303180366216,0.7590961126540202,0.9863477722191063,0.28730214385542036,0.5118839304005769,0.5440988553263791,0.48909885532637914,2.267287684846844e-09,4.655708834434675e-09,0.061861045520764615,0.1778827008055005,13.0,3.25,5.73525474860695e-08,1.2255161983451993e-07,1.0,2.252176996989874
2260.0,74.58,0.08254252186392064,0.4462303180366216,0.7590961126540202,0.9863477722191063,0.28730214385542036,0.5118839274646757,0.5440988553263791,0.48909885532637914,2.2672872873688837e-09,4.655710643459751e-09,0.061861045520764615,0.1778827008055005,13.0,3.25,5.7352547273008673e-08,1.2255164150971218e-07,1.0,2.21949700062396
2270.0,74.91,0.08254252186392064,0.4462303180366216,0.7590961126540202,0.9863477722191063,0.28730214385542036,0.5118839244526958,0.5440988553263791,0.48909885532637914,2.2672870048197757e-09,4.65571247144861e-09,0.061861045520764615,0.1778827008055005,13.0,3.25,5.735255657122259e-08,1.225516868353586e-07,1.0,2.2195669989741873
2280.0,75.24000000000001,0.08254252186392066,0.4462303180366216,0.7590961126540202,0.9863477722191063,0.28730214385542036,0.5118839216706302,0.5440988553263791,0.48909885532637914,2.2672868937952063e-09,4.655714394580975e-09,0.061861045520764615,0.1778827008055005,13.0,3.25,5.7352583882789285e-08,1.225517292142636e-07,1.0,2.349097001570044
2290.0,75.57000000000001,0.08254252186392066,0.4462303180366216,0.7590961126540202,0.9863477722191063,0.28730214385542036,0.5118839192820851,0.5440988553263791,0.48909885532637914,2.267286864097064e-09,4.655715660703755e-09,0.061861045520764615,0.1778827008055005,13.0,3.25,5.73526073443662e-08,1.2255174832172853e-07,1.0,2.224036998086376
2300.0,75.9,0.08254252186392066,0.4462303180366216,0.7590961126540202,0.9863477722191063,0.28730214385542036,0.5118839177274195,0.5440988553263791,0.48909885532637914,2.267286765429505e-09,4.655716898218559e-09,0.061861045520764615,0.1778827008055005,13.0,3.25,5.735261346934495e-08,1.2255177329911007e-07,1.0,2.1612070013361517
2310.0,76.23,0.08254252186392066,0.4462303180366216,0.7590961126540202,0.9863477722191063,0.28730214385542036,0.5118839163812008,0.5440988553263791,0.48909885532637914,2.2672866419841534e-09,4.655718135733366e-09,0.061861045520764615,0.1778827008055005,13.0,3.25,5.735263226354406e-08,1.225518032014917e-07,1.0,2.1599070023512468
2320.0,76.56,0.08254252186392066,0.4462303180366216,0.7590961126540202,0.9863477722191063,0.28730214385542036,0.5118839152070508,0.5440988553263791,0.48909885532637914,2.267286472567746e-09,4.655719182961163e-09,0.061861045520764615,0.1778827008055005,13.0,3.25,5.735264518609073e-08,1.2255181898859214e-07,1.0,2.4549669979023747
2330.0,76.89,0.08254252186392066,0.4462303180366216,0.7590961126540202,0.9863477722191063,0.28730214385542036,0.5118839140818344,0.5440988553263791,0.48909885532637914,2.2672863088679903e-09,4.65571994475845e-09,0.061861045520764615,0.1778827008055005,13.0,3.25,5.735265147902305e-08,1.2255184930326731e-07,1.0,2.3047670001687948
2340.0,77.22,0.08254252186392066,0.4462303180366216,0.7590961126540202,0.9863477722191063,0.28730214385542036,0.5118839126304883,0.5440988553263791,0.48909885532637914,2.2672862607502626e-09,4.655721134701502e-09,0.061861045520764615,0.1778827008055005,13.0,3.25,5.7352679484242924e-08,1.2255188504619813e-07,1.0,2.638507001393009
2350.0,77.55,0.08254252186392066,0.4462303180366216,0.7590961126540202,0.9863477722191063,0.28730214385542036,0.511883911656543,0.5440988553263791,0.48909885532637914,2.267286190371204e-09,4.655722039214046e-09,0.061861045520764615,0.1778827008055005,13.0,3.25,5.7352688117504775e-08,1.2255192109703522e-07,1.0,2.1725070000684354
2360.0,77.88000000000001,0.08254252186392065,0.4462303180366216,0.7590961126540202,0.9863477722191063,0.28730214385542036,0.5118839110635398,0.5440988553263791,0.48909885532637914,2.2672861549369257e-09,4.655723276728849e-09,0.061861045520764615,0.1778827008055005,13.0,3.25,5.7352705206760834e-08,1.2255196227311367e-07,1.0,2.5115470016316976
2370.0,78.21000000000001,0.08254252186392068,0.4462303180366216,0.7590961126540202,0.9863477722191063,0.2873021438554204,0.511883910814089,0.5440988553263791,0.48909885532637914,2.26728609119151e-09,4.655724323956647e-09,0.061861045520764615,0.1778827008055005,13.0,3.25,5.735272835999655e-08,1.2255198764235692e-07,1.0,2.399387001787545
2380.0,78.54,0.08254252186392068,0.4462303180366216,0.7590961126540202,0.9863477722191063,0.2873021438554204,0.5118839108723308,0.5440988553263791,0.48909885532637914,2.2672860374966095e-09,4.6557251333256904e-09,0.061861045520764615,0.1778827008055005,13.0,3.25,5.735273292321724e-08,1.225520120909062e-07,1.0,2.542267000535503
2390.0,78.87,0.08254252186392068,0.4462303180366216,0.7590961126540202,0.9863477722191063,0.2873021438554204,0.5118839108564559,0.5440988553263791,0.48909885532637914,2.267286037999789e-09,4.655726323268741e-09,0.061861045520764615,0.1778827008055005,13.0,3.25,5.73527548618668e-08,1.2255204925861524e-07,1.0,2.2037970011297148
2400.0,79.2,0.08254252186392066,0.4462303180366216,0.7590961126540202,0.9863477722191063,0.28730214385542036,0.5118839105766654,0.5440988553263791,0.48909885532637914,2.2672860580735495e-09,4.655727560783544e-09,0.061861045520764615,0.1778827008055005,13.0,3.25,5.7352771295541456e-08,1.2255206324266082e-07,1.0,2.1687970001948997
2410.0,79.53,0.08254252186392065,0.4462303180366216,0.7590961126540202,0.9863477722191063,0.28730214385542036,0.5118839101898335,0.5440988553263791,0.48909885532637914,2.267286069225599e-09,4.655728703154845e-09,0.061861045520764615,0.1778827008055005,13.0,3.25,5.7352779528690374e-08,1.22552099181532e-07,1.0,2.663945997483097
2420.0,79.86,0.08254252186392066,0.4462303180366216,0.7590961126540202,0.9863477722191063,0.28730214385542036,0.511883909469447,0.5440988553263791,0.48909885532637914,2.2672861332114157e-09,4.6557299406696504e-09,0.061861045520764615,0.1778827008055005,13.0,3.25,5.735280459213931e-08,1.2255213496530086e-07,1.0,2.165627000067616
2430.0,80.19,0.08254252186392066,0.4462303180366216,0.7590961126540202,0.9863477722191063,0.28730214385542036,0.5118839087198145,0.5440988553263791,0.48909885532637914,2.2672861645179056e-09,4.655731178184459e-09,0.061861045520764615,0.1778827008055005,13.0,3.25,5.735281414404677e-08,1.2255215279227544e-07,1.0,2.4500170002283994
2440.0,80.52000000000001,0.08254252186392065,0.4462303180366216,0.7590961126540202,0.9863477722191063,0.28730214385542036,0.5118839080338389,0.5440988553263791,0.48909885532637914,2.267286199015053e-09,4.655732415699268e-09,0.061861045520764615,0.1778827008055005,13.0,3.25,5.735282533932497e-08,1.225521946143174e-07,1.0,2.1816570006194524
2450.0,80.85000000000001,0.08254252186392065,0.4462303180366216,0.7590961126540202,0.9863477722191063,0.28730214385542036,0.5118839071985684,0.5440988553263791,0.48909885532637914,2.2672862309533417e-09,4.65573365321408e-09,0.061861045520764615,0.1778827008055005,13.0,3.25,5.735285268742955e-08,1.2255222675072615e-07,1.0,2.486416000465397
2460.0,81.18,0.08254252186392065,0.4462303180366216,0.7590961126540202,0.9863477722191063,0.28730214385542036,0.5118839064984241,0.5440988553263791,0.48909885532637914,2.2672862615453763e-09,4.655734890728894e-09,0.061861045520764615,0.1778827008055005,13.0,3.25,5.735285963825616e-08,1.2255225143454279e-07,1.0,2.4969170008262154
2470.0,81.51,0.08254252186392064,0.4462303180366216,0.7590961126540202,0.9863477722191063,0.28730214385542036,0.5118839057907062,0.5440988553263791,0.48909885532637914,2.2672863192770463e-09,4.65573612824371e-09,0.061861045520764615,0.1778827008055005,13.0,3.25,5.735287464472741e-08,1.22552294805719e-07,1.0,2.2141370027384255
2480.0,81.84,0.08254252186392065,0.4462303180366216,0.7590961126540202,0.9863477722191063,0.28730214385542036,0.5118839049349965,0.5440988553263791,0.48909885532637914,2.267286341838321e-09,4.655737365758527e-09,0.061861045520764615,0.1778827008055005,13.0,3.25,5.7352900998051965e-08,1.2255232182094745e-07,1.0,2.3310169999604113
2490.0,82.17,0.08254252186392066,0.4462303180366216,0.7590961126540202,0.9863477722191063,0.28730214385542036,0.5118839043994521,0.5440988553263791,0.48909885532637914,2.267286362116026e-09,4.655738603273347e-09,0.061861045520764615,0.1778827008055005,13.0,3.25,5.735290597175003e-08,1.2255235102512517e-07,1.0,2.227816999948118
2500.0,82.5,0.08254252186392066,0.4462303180366216,0.7590961126540202,0.9863477722191063,0.28730214385542036,0.511883903824153,0.5440988553263791,0.48909885532637914,2.2672864065531184e-09,4.655739840788169e-09,0.061861045520764615,0.1778827008055005,13.0,3.25,5.735292057766113e-08,1.2255238928250093e-07,1.0,2.5348470007884316
2510.0,82.83,0.08254252186392066,0.4462303180366216,0.7590961126540202,0.9863477722191063,0.28730214385542036,0.5118839030124951,0.5440988553263791,0.48909885532637914,2.2672864499985583e-09,4.655741078302993e-09,0.061861045520764615,0.1778827008055005,13.0,3.25,5.735294672796512e-08,1.2255241641351476e-07,1.0,2.20885700036888
2520.0,83.16000000000001,0.08254252186392066,0.4462303180366216,0.7590961126540202,0.9863477722191063,0.28730214385542036,0.5118839024288453,0.5440988553263791,0.48909885532637914,2.2672864821723587e-09,4.6557423158178185e-09,0.061861045520764615,0.1778827008055005,13.0,3.25,5.735295167091438e-08,1.2255244733939523e-07,1.0,2.380936999543337
2530.0,83.49000000000001,0.08254252186392066,0.4462303180366216,0.7590961126540202,0.9863477722191063,0.28730214385542036,0.511883901797866,0.5440988553263791,0.48909885532637914,2.2672865216589105e-09,4.655743553332646e-09,0.061861045520764615,0.1778827008055005,13.0,3.25,5.735297251231074e-08,1.2255248849437787e-07,1.0,2.1924069988017436
2540.0,83.82000000000001,0.08254252186392065,0.4462303180366216,0.7590961126540202,0.9863477722191063,0.28730214385542036,0.5118839011046328,0.5440988553263791,0.48909885532637914,2.2672865556737642e-09,4.655744790847476e-09,0.061861045520764615,0.1778827008055005,13.0,3.25,5.73529871766922e-08,1.2255250648671157e-07,1.0,2.1925670007476583
2550.0,84.15,0.08254252186392065,0.4462303180366216,0.7590961126540202,0.9863477722191063,0.28730214385542036,0.5118839005226643,0.5440988553263791,0.48909885532637914,2.2672865878752164e-09,4.655746028362307e-09,0.061861045520764615,0.1778827008055005,13.0,3.25,5.735299682781477e-08,1.2255254511695226e-07,1.0,2.654635998624144
2560.0,84.48,0.08254252186392065,0.4462303180366216,0.7590961126540202,0.9863477722191063,0.28730214385542036,0.511883899773938,0.5440988553263791,0.48909885532637914,2.2672866241029984e-09,4.655747265877141e-09,0.061861045520764615,0.1778827008055005,13.0,3.25,5.735302147262e-08,1.2255257308627506e-07,1.0,2.21438700100407
2570.0,84.81,0.08254252186392064,0.4462303180366216,0.7590961126540202,0.9863477722191063,0.28730214385542036,0.5118838991528043,0.5440988553263791,0.48909885532637914,2.2672866608691534e-09,4.655748503391977e-09,0.061861045520764615,0.1778827008055005,13.0,3.25,5.735302884260079e-08,1.2255260839777533e-07,1.0,2.304485999047756
2580.0,85.14,0.08254252186392065,0.4462303180366216,0.7590961126540202,0.9863477722191063,0.28730214385542036,0.5118838984075743,0.5440988553263791,0.48909885532637914,2.2672867018268533e-09,4.655749740906815e-09,0.061861045520764615,0.1778827008055005,13.0,3.25,5.735305288810166e-08,1.2255264192794833e-07,1.0,2.2689270008413587
2590.0,85.47,0.08254252186392065,0.4462303180366216,0.7590961126540202,0.9863477722191063,0.28730214385542036,0.5118838977692031,0.5440988553263791,0.48909885532637914,2.2672867279096456e-09,4.655750978421654e-09,0.061861045520764615,0.1778827008055005,13.0,3.25,5.735306155183779e-08,1.225526659065235e-07,1.0,2.336936999199679
2600.0,85.8,0.08254252186392064,0.4462303180366216,0.7590961126540202,0.9863477722191063,0.28730214385542036,0.5118838971037875,0.5440988553263791,0.48909885532637914,2.267286771769306e-09,4.6557522159364965e-09,0.061861045520764615,0.1778827008055005,13.0,3.25,5.7353075893066e-08,1.225527083012399e-07,1.0,2.1855869999853894
2610.0,86.13000000000001,0.08254252186392064,0.4462303180366216,0.7590961126540202,0.9863477722191063,0.28730214385542036,0.5118838963142766,0.5440988553263791,0.48909885532637914,2.267286805907049e-09,4.6557534534513404e-09,0.061861045520764615,0.1778827008055005,13.0,3.25,5.7353101945245114e-08,1.2255273429598848e-07,1.0,2.4437270003545564
2620.0,86.46000000000001,0.08254252186392066,0.4462303180366216,0.7590961126540202,0.9863477722191063,0.28730214385542036,0.5118838957808429,0.5440988553263791,0.48909885532637914,2.2672868677125138e-09,4.655754690966186e-09,0.061861045520764615,0.1778827008055005,13.0,3.25,5.7353107528734564e-08,1.2255276557115659e-07,1.0,2.180647999921348
2630.0,86.79,0.08254252186392064,0.4462303180366216,0.7590961126540202,0.9863477722191063,0.28730214385542036,0.5118838951621919,0.5440988553263791,0.48909885532637914,2.2672868852267633e-09,4.655755928481033e-09,0.061861045520764615,0.1778827008055005,13.0,3.25,5.735312545569274e-08,1.2255280370318288e-07,1.0,2.1936769990134053
2640.0,87.12,0.08254252186392065,0.4462303180366216,0.7590961126540202,0.9863477722191063,0.28730214385542036,0.5118838943980755,0.5440988553263791,0.48909885532637914,2.2672869163811997e-09,4.655757165995883e-09,0.061861045520764615,0.1778827008055005,13.0,3.25,5.7353144934154955e-08,1.22552826607689e-07,1.0,2.2588669999095146
2650.0,87.45,0.08254252186392062,0.4462303180366216,0.7590961126540202,0.9863477722191063,0.2873021438554203,0.5118838938273998,0.5440988553263791,0.48909885532637914,2.267286953147637e-09,4.655758403510735e-09,0.061861045520764615,0.1778827008055005,13.0,3.25,5.7353152122242134e-08,1.2255286229517515e-07,1.0,2.176827001676429
2660.0,87.78,0.08254252186392064,0.4462303180366216,0.7590961126540202,0.9863477722191063,0.28730214385542036,0.5118838931652377,0.5440988553263791,0.48909885532637914,2.2672870033307323e-09,4.655759641025588e-09,0.061861045520764615,0.1778827008055005,13.0,3.25,5.735317563704649e-08,1.2255289832281876e-07,1.0,2.211046998127131
2670.0,88.11,0.08254252186392062,0.4462303180366216,0.7590961126540202,0.9863477722191063,0.2873021438554203,0.5118838924255906,0.5440988553263791,0.48909885532637914,2.2672870455854606e-09,4.655760878540445e-09,0.061861045520764615,0.1778827008055005,13.0,3.25,5.7353188602534926e-08,1.2255291995010709e-07,1.0,2.136836999852676
2680.0,88.44,0.08254252186392064,0.4462303180366216,0.7590961126540202,0.9863477722191063,0.28730214385542036,0.5118838918154214,0.5440988553263791,0.48909885532637914,2.267287054617172e-09,4.655762116055302e-09,0.061861045520764615,0.1778827008055005,13.0,3.25,5.735319716202059e-08,1.2255295988863265e-07,1.0,2.2624070006713737
2690.0,88.77000000000001,0.08254252186392062,0.4462303180366216,0.7590961126540202,0.9863477722191063,0.2873021438554203,0.5118838910351702,0.5440988553263791,0.48909885532637914,2.2672871188094016e-09,4.6557633535701615e-09,0.061861045520764615,0.1778827008055005,13.0,3.25,5.7353223375091626e-08,1.2255299379499082e-07,1.0,2.278297000884777
2700.0,89.10000000000001,0.08254252186392062,0.4462303180366216,0.7590961126540202,0.9863477722191063,0.2873021438554203,0.5118838903105126,0.5440988553263791,0.48909885532637914,2.267287167787419e-09,4.655764591085024e-09,0.061861045520764615,0.1778827008055005,13.0,3.25,5.735323292482091e-08,1.22553016261316e-07,1.0,2.296757000294747
2710.0,89.43,0.08254252186392062,0.4462303180366216,0.7590961126540202,0.9863477722191063,0.2873021438554203,0.511883889779481,0.5440988553263791,0.48909885532637914,2.267287177094515e-09,4.655765828599887e-09,0.061861045520764615,0.1778827008055005,13.0,3.25,5.735324374455329e-08,1.2255305735574023e-07,1.0,2.1826069969392847
2720.0,89.76,0.08254252186392065,0.4462303180366216,0.7590961126540202,0.9863477722191063,0.28730214385542036,0.5118838890345895,0.5440988553263791,0.48909885532637914,2.2672872228362484e-09,4.655767066114753e-09,0.061861045520764615,0.1778827008055005,13.0,3.25,5.735327126657057e-08,1.225530861462758e-07,1.0,2.1858370018890128
2730.0,90.09,0.08254252186392065,0.4462303180366216,0.7590961126540202,0.9863477722191063,0.28730214385542036,0.5118838884223603,0.5440988553263791,0.48909885532637914,2.267287263847307e-09,4.655768303629621e-09,0.061861045520764615,0.1778827008055005,13.0,3.25,5.735327823645539e-08,1.2255310905855173e-07,1.0,2.5441669968131464
2740.0,90.42,0.08254252186392065,0.4462303180366216,0.7590961126540202,0.9863477722191063,0.28730214385542036,0.5118838878613764,0.5440988553263791,0.48909885532637914,2.2672872754505875e-09,4.65576954114449e-09,0.061861045520764615,0.1778827008055005,13.0,3.25,5.7353288904555276e-08,1.2255315017875697e-07,1.0,2.423867001198232
2750.0,90.75,0.08254252186392065,0.4462303180366216,0.7590961126540202,0.9863477722191063,0.28730214385542036,0.5118838871162184,0.5440988553263791,0.48909885532637914,2.2672872997304594e-09,4.6557707786593624e-09,0.061861045520764615,0.1778827008055005,13.0,3.25,5.7353317269277434e-08,1.225531831055476e-07,1.0,2.182506999815814
2760.0,91.08,0.08254252186392065,0.4462303180366216,0.7590961126540202,0.9863477722191063,0.28730214385542036,0.511883886580496,0.5440988553263791,0.48909885532637914,2.2672873577279906e-09,4.655772016174235e-09,0.061861045520764615,0.1778827008055005,13.0,3.25,5.7353324136482784e-08,1.225532075322444e-07,1.0,2.3684570005571004
2770.0,91.41000000000001,0.08254252186392065,0.4462303180366216,0.7590961126540202,0.9863477722191063,0.28730214385542036,0.5118838860234273,0.5440988553263791,0.48909885532637914,2.2672873699492008e-09,4.6557732536891115e-09,0.061861045520764615,0.1778827008055005,13.0,3.25,5.735334171107778e-08,1.2255324912547724e-07,1.0,2.2449069983849768
2780.0,91.74000000000001,0.08254252186392065,0.4462303180366216,0.7590961126540202,0.9863477722191063,0.28730214385542036,0.511883885292325,0.5440988553263791,0.48909885532637914,2.2672874358867e-09,4.655774567383703e-09,0.061861045520764615,0.1778827008055005,13.0,3.25,5.735336042865211e-08,1.225532726284912e-07,1.0,2.2836169991933275
2790.0,92.07000000000001,0.08254252186392066,0.4462303180366216,0.7590961126540202,0.9863477722191063,0.28730214385542036,0.5118838846938236,0.5440988553263791,0.48909885532637914,2.2672874846834245e-09,4.655775804898583e-09,0.061861045520764615,0.1778827008055005,13.0,3.25,5.7353368647202565e-08,1.2255330529473366e-07,1.0,2.60651600183337
2800.0,92.4,0.08254252186392065,0.4462303180366216,0.7590961126540202,0.9863477722191063,0.28730214385542036,0.5118838839135716,0.5440988553263791,0.48909885532637914,2.267287483932878e-09,4.655777118593178e-09,0.061861045520764615,0.1778827008055005,13.0,3.25,5.735339413793827e-08,1.2255334011431677e-07,1.0,2.305335998244118
2810.0,92.73,0.08254252186392065,0.4462303180366216,0.7590961126540202,0.9863477722191063,0.28730214385542036,0.5118838832552591,0.5440988553263791,0.48909885532637914,2.2672875630622353e-09,4.6557783561080606e-09,0.061861045520764615,0.1778827008055005,13.0,3.25,5.735340038632659e-08,1.2255336506444883e-07,1.0,2.5478159986960236
2820.0,93.06,0.08254252186392064,0.4462303180366216,0.7590961126540202,0.9863477722191063,0.28730214385542036,0.5118838824965953,0.5440988553263791,0.48909885532637914,2.2672875949462912e-09,4.655779745982371e-09,0.061861045520764615,0.1778827008055005,13.0,3.25,5.7353422384569885e-08,1.2255340436887042e-07,1.0,2.3218569986056536
2830.0,93.39,0.08254252186392064,0.4462303180366216,0.7590961126540202,0.9863477722191063,0.28730214385542036,0.5118838818410709,0.5440988553263791,0.48909885532637914,2.2672876462748753e-09,4.655780983497257e-09,0.061861045520764615,0.1778827008055005,13.0,3.25,5.7353434565271246e-08,1.2255342738070027e-07,1.0,2.367666998907225
2840.0,93.72,0.08254252186392065,0.4462303180366216,0.7590961126540202,0.9863477722191063,0.28730214385542036,0.5118838812509187,0.5440988553263791,0.48909885532637914,2.2672876993614997e-09,4.655782221012145e-09,0.061861045520764615,0.1778827008055005,13.0,3.25,5.735344599543527e-08,1.2255346905136641e-07,1.0,2.181447001930792
2850.0,94.05000000000001,0.08254252186392065,0.4462303180366216,0.7590961126540202,0.9863477722191063,0.28730214385542036,0.5118838804770054,0.5440988553263791,0.48909885532637914,2.2672877262412524e-09,4.655783639494394e-09,0.061861045520764615,0.1778827008055005,13.0,3.25,5.7353471691584507e-08,1.225534980038455e-07,1.0,2.197776997491019
2860.0,94.38000000000001,0.08254252186392065,0.4462303180366216,0.7590961126540202,0.9863477722191063,0.28730214385542036,0.5118838797772223,0.5440988553263791,0.48909885532637914,2.2672877842391414e-09,4.655784877009284e-09,0.061861045520764615,0.1778827008055005,13.0,3.25,5.735347898849223e-08,1.2255352398249931e-07,1.0,2.2335070025292225
2870.0,94.71000000000001,0.08254252186392065,0.4462303180366216,0.7590961126540202,0.9863477722191063,0.28730214385542036,0.5118838790619025,0.5440988553263791,0.48909885532637914,2.267287810492745e-09,4.655786190703888e-09,0.061861045520764615,0.1778827008055005,13.0,3.25,5.735349531850082e-08,1.225535681357899e-07,1.0,2.424836999125546
2880.0,95.04,0.08254252186392062,0.4462303180366216,0.7590961126540202,0.9863477722191063,0.2873021438554203,0.5118838782371934,0.5440988553263791,0.48909885532637914,2.2672878863647586e-09,4.655787580578204e-09,0.061861045520764615,0.1778827008055005,13.0,3.25,5.735351935826255e-08,1.2255359273885554e-07,1.0,2.265326998895034
2890.0,95.37,0.08254252186392064,0.4462303180366216,0.7590961126540202,0.9863477722191063,0.28730214385542036,0.5118838776433938,0.5440988553263791,0.48909885532637914,2.2672879328657288e-09,4.655788818093099e-09,0.061861045520764615,0.1778827008055005,13.0,3.25,5.7353524804963725e-08,1.2255362179146438e-07,1.0,2.2712669997417834
2900.0,95.7,0.08254252186392064,0.4462303180366216,0.7590961126540202,0.9863477722191063,0.28730214385542036,0.5118838769022992,0.5440988553263791,0.48909885532637914,2.2672879523757646e-09,4.655790112823859e-09,0.061861045520764615,0.1778827008055005,13.0,3.25,5.73535461092513e-08,1.2255366341278464e-07,1.0,2.470135998009937
2910.0,96.03,0.08254252186392064,0.4462303180366216,0.7590961126540202,0.9863477722191063,0.28730214385542036,0.5118838761497935,0.5440988553263791,0.48909885532637914,2.2672880022746356e-09,4.655791350338756e-09,0.061861045520764615,0.1778827008055005,13.0,3.25,5.735356144747494e-08,1.2255368114104235e-07,1.0,2.2069469996495172
2920.0,96.36,0.08254252186392065,0.4462303180366216,0.7590961126540202,0.9863477722191063,0.28730214385542036,0.5118838755244263,0.5440988553263791,0.48909885532637914,2.267288035055159e-09,4.655792587853656e-09,0.061861045520764615,0.1778827008055005,13.0,3.25,5.7353570434543903e-08,1.2255371639137033e-07,1.0,2.442095999867888
2930.0,96.69,0.08254252186392064,0.4462303180366216,0.7590961126540202,0.9863477722191063,0.28730214385542036,0.5118838746533201,0.5440988553263791,0.48909885532637914,2.2672881085654707e-09,4.6557940825156156e-09,0.061861045520764615,0.1778827008055005,13.0,3.25,5.73535946750515e-08,1.22553753970068e-07,1.0,2.6463859976502135
2940.0,97.02000000000001,0.08254252186392064,0.4462303180366216,0.7590961126540202,0.9863477722191063,0.28730214385542036,0.511883873765657,0.5440988553263791,0.48909885532637914,2.2672881597709438e-09,4.6557953200305166e-09,0.061861045520764615,0.1778827008055005,13.0,3.25,5.735360640082361e-08,1.2255377714814623e-07,1.0,2.1533170001930557
2950.0,97.35000000000001,0.08254252186392062,0.4462303180366216,0.7590961126540202,0.9863477722191063,0.2873021438554203,0.5118838730912929,0.5440988553263791,0.48909885532637914,2.267288169078788e-09,4.655796557545419e-09,0.061861045520764615,0.1778827008055005,13.0,3.25,5.735361667001788e-08,1.2255381867350263e-07,1.0,2.549706001445884
2960.0,97.68,0.08254252186392062,0.4462303180366216,0.7590961126540202,0.9863477722191063,0.2873021438554203,0.5118838722624629,0.5440988553263791,0.48909885532637914,2.2672882208331234e-09,4.655797880884107e-09,0.061861045520764615,0.1778827008055005,13.0,3.25,5.735364396535681e-08,1.2255384817246274e-07,1.0,2.490976999979466
2970.0,98.01,0.08254252186392064,0.4462303180366216,0.7590961126540202,0.9863477722191063,0.28730214385542036,0.511883871485346,0.5440988553263791,0.48909885532637914,2.267288248869742e-09,4.6557991183990116e-09,0.061861045520764615,0.1778827008055005,13.0,3.25,5.735364974252808e-08,1.2255387744472557e-07,1.0,2.2479969993582927
2980.0,98.34,0.08254252186392065,0.4462303180366216,0.7590961126540202,0.9863477722191063,0.28730214385542036,0.5118838706849704,0.5440988553263791,0.48909885532637914,2.267288327049312e-09,4.6558005082733345e-09,0.061861045520764615,0.1778827008055005,13.0,3.25,5.7353672081681624e-08,1.2255391500378238e-07,1.0,2.256136998767033
2990.0,98.67,0.08254252186392065,0.4462303180366216,0.7590961126540202,0.9863477722191063,0.28730214385542036,0.5118838698894528,0.5440988553263791,0.48909885532637914,2.2672883319596613e-09,4.655801745788242e-09,0.061861045520764615,0.1778827008055005,13.0,3.25,5.735368578868124e-08,1.2255394348319858e-07,1.0,2.2209970011317637
3000.0,99.0,0.08254252186392064,0.4462303180366216,0.7590961126540202,0.9863477722191063,0.28730214385542036,0.5118838692068237,0.5440988553263791,0.48909885532637914,2.2672883924844254e-09,4.6558029833031514e-09,0.061861045520764615,0.1778827008055005,13.0,3.25,5.7353696220736383e-08,1.225539797978038e-07,1.0,2.1377769990067463
3010.0,99.33,0.08254252186392064,0.4462303180366216,0.7590961126540202,0.9863477722191063,0.28730214385542036,0.5118838683704354,0.5440988553263791,0.48909885532637914,2.2672884316716305e-09,4.655804373177478e-09,0.061861045520764615,0.1778827008055005,13.0,3.25,5.735372348664842e-08,1.2255400858679976e-07,1.0,2.6377569993201178
3020.0,99.66000000000001,0.08254252186392066,0.4462303180366216,0.7590961126540202,0.9863477722191063,0.28730214385542036,0.5118838676972227,0.5440988553263791,0.48909885532637914,2.2672884691405374e-09,4.65580561069239e-09,0.061861045520764615,0.1778827008055005,13.0,3.25,5.735372886819926e-08,1.2255403752897472e-07,1.0,2.1748369981651194
3030.0,99.99000000000001,0.08254252186392066,0.4462303180366216,0.7590961126540202,0.9863477722191063,0.28730214385542036,0.5118838669647094,0.5440988553263791,0.48909885532637914,2.267288542026856e-09,4.655807000566719e-09,0.061861045520764615,0.1778827008055005,13.0,3.25,5.735375145791433e-08,1.225540794286938e-07,1.0,2.398067001195159
3040.0,100.32000000000001,0.08254252186392068,0.4462303180366216,0.7590961126540202,0.9863477722191063,0.2873021438554204,0.5118838661682092,0.5440988553263791,0.48909885532637914,2.2672885545267785e-09,4.655808238081635e-09,0.061861045520764615,0.1778827008055005,13.0,3.25,5.735376419194391e-08,1.2255410332438972e-07,1.0,2.415726998151513
3050.0,100.65,0.08254252186392065,0.4462303180366216,0.7590961126540202,0.9863477722191063,0.28730214385542036,0.5118838654582547,0.5440988553263791,0.48909885532637914,2.2672886103361097e-09,4.6558094755965524e-09,0.061861045520764615,0.1778827008055005,13.0,3.25,5.735377447309985e-08,1.2255413918352584e-07,1.0,2.3069570015650243
3060.0,100.98,0.08254252186392066,0.4462303180366216,0.7590961126540202,0.9863477722191063,0.28730214385542036,0.5118838646128006,0.5440988553263791,0.48909885532637914,2.2672886519428726e-09,4.655810865470884e-09,0.061861045520764615,0.1778827008055005,13.0,3.25,5.7353801783396174e-08,1.225541677906655e-07,1.0,2.518256998882862
3070.0,101.31,0.08254252186392065,0.4462303180366216,0.7590961126540202,0.9863477722191063,0.28730214385542036,0.511883864009654,0.5440988553263791,0.48909885532637914,2.2672886841185913e-09,4.6558121029858045e-09,0.061861045520764615,0.1778827008055005,13.0,3.25,5.7353807652645424e-08,1.2255420085180032e-07,1.0,2.168566999898758
3080.0,101.64,0.08254252186392065,0.4462303180366216,0.7590961126540202,0.9863477722191063,0.28730214385542036,0.5118838633398869,0.5440988553263791,0.48909885532637914,2.26728876095199e-09,4.655813521468057e-09,0.061861045520764615,0.1778827008055005,13.0,3.25,5.7353828028318095e-08,1.2255423943792378e-07,1.0,2.5504860022920184
3090.0,101.97,0.08254252186392065,0.4462303180366216,0.7590961126540202,0.9863477722191063,0.28730214385542036,0.5118838625127882,0.5440988553263791,0.48909885532637914,2.2672887921764926e-09,4.655814758982981e-09,0.061861045520764615,0.1778827008055005,13.0,3.25,5.735384477307938e-08,1.2255426163805906e-07,1.0,2.231746999314055
3100.0,102.30000000000001,0.08254252186392065,0.4462303180366216,0.7590961126540202,0.9863477722191063,0.28730214385542036,0.5118838619158649,0.5440988553263791,0.48909885532637914,2.2672888312406186e-09,4.655815996497906e-09,0.061861045520764615,0.1778827008055005,13.0,3.25,5.735385298901816e-08,1.2255429822983227e-07,1.0,2.311387001100229
3110.0,102.63000000000001,0.08254252186392062,0.4462303180366216,0.7590961126540202,0.9863477722191063,0.2873021438554203,0.5118838611907023,0.5440988553263791,0.48909885532637914,2.267288877006092e-09,4.655817310192537e-09,0.061861045520764615,0.1778827008055005,13.0,3.25,5.7353878062219274e-08,1.2255433289760755e-07,1.0,2.132486999471439
3120.0,102.96000000000001,0.08254252186392062,0.4462303180366216,0.7590961126540202,0.9863477722191063,0.2873021438554203,0.5118838604551448,0.5440988553263791,0.48909885532637914,2.267288905386414e-09,4.655818547707465e-09,0.061861045520764615,0.1778827008055005,13.0,3.25,5.7353887225827096e-08,1.2255435771967532e-07,1.0,2.240997000626521
3130.0,103.29,0.08254252186392064,0.4462303180366216,0.7590961126540202,0.9863477722191063,0.28730214385542036,0.5118838597218732,0.5440988553263791,0.48909885532637914,2.267288967845455e-09,4.655819890010015e-09,0.061861045520764615,0.1778827008055005,13.0,3.25,5.735390279668953e-08,1.2255439556327435e-07,1.0,2.6196860017080326
3140.0,103.62,0.08254252186392065,0.4462303180366216,0.7590961126540202,0.9863477722191063,0.28730214385542036,0.511883858869752,0.5440988553263791,0.48909885532637914,2.2672890040827543e-09,4.65582120370465e-09,0.061861045520764615,0.1778827008055005,13.0,3.25,5.735392390619728e-08,1.2255442070572717e-07,1.0,2.2751559990865644
3150.0,103.95,0.08254252186392065,0.4462303180366216,0.7590961126540202,0.9863477722191063,0.28730214385542036,0.5118838582238538,0.5440988553263791,0.48909885532637914,2.2672890431470585e-09,4.655822441219583e-09,0.061861045520764615,0.1778827008055005,13.0,3.25,5.7353931823766315e-08,1.2255445739255188e-07,1.0,2.3780970004736446
3160.0,104.28,0.08254252186392064,0.4462303180366216,0.7590961126540202,0.9863477722191063,0.28730214385542036,0.511883857438596,0.5440988553263791,0.48909885532637914,2.2672891052205056e-09,4.655823812130047e-09,0.061861045520764615,0.1778827008055005,13.0,3.25,5.735395600730336e-08,1.225544919885134e-07,1.0,2.133216999936849
3170.0,104.61,0.08254252186392065,0.4462303180366216,0.7590961126540202,0.9863477722191063,0.28730214385542036,0.511883856753729,0.5440988553263791,0.48909885532637914,2.2672891313048617e-09,4.655825049644981e-09,0.061861045520764615,0.1778827008055005,13.0,3.25,5.735396559914992e-08,1.2255451667653405e-07,1.0,2.513245999580249
3180.0,104.94000000000001,0.08254252186392066,0.4462303180366216,0.7590961126540202,0.9863477722191063,0.28730214385542036,0.511883856026535,0.5440988553263791,0.48909885532637914,2.267289185747756e-09,4.6558263633396205e-09,0.061861045520764615,0.1778827008055005,13.0,3.25,5.7353981674761106e-08,1.2255455518168576e-07,1.0,2.323777000128757
3190.0,105.27000000000001,0.08254252186392066,0.4462303180366216,0.7590961126540202,0.9863477722191063,0.28730214385542036,0.5118838551345449,0.5440988553263791,0.48909885532637914,2.2672892289968318e-09,4.655827677034261e-09,0.061861045520764615,0.1778827008055005,13.0,3.25,5.735400236978568e-08,1.2255458088275043e-07,1.0,2.413345999229932
3200.0,105.60000000000001,0.08254252186392065,0.4462303180366216,0.7590961126540202,0.9863477722191063,0.28730214385542036,0.5118838544802561,0.5440988553263791,0.48909885532637914,2.2672892754988715e-09,4.655828914549201e-09,0.061861045520764615,0.1778827008055005,13.0,3.25,5.735400975743509e-08,1.22554613213758e-07,1.0,2.1304969995981082
3210.0,105.93,0.08254252186392064,0.4462303180366216,0.7590961126540202,0.9863477722191063,0.28730214385542036,0.5118838537216643,0.5440988553263791,0.48909885532637914,2.2672893231231393e-09,4.655830285459663e-09,0.061861045520764615,0.1778827008055005,13.0,3.25,5.735403477525752e-08,1.2255465242726106e-07,1.0,2.3238860012497753
3220.0,106.26,0.08254252186392066,0.4462303180366216,0.7590961126540202,0.9863477722191063,0.28730214385542036,0.5118838529412579,0.5440988553263791,0.48909885532637914,2.267289361237392e-09,4.6558315229746045e-09,0.061861045520764615,0.1778827008055005,13.0,3.25,5.7354043592222735e-08,1.225546729697769e-07,1.0,2.324896999198245
3230.0,106.59,0.08254252186392066,0.4462303180366216,0.7590961126540202,0.9863477722191063,0.28730214385542036,0.5118838521556398,0.5440988553263791,0.48909885532637914,2.2672894148968534e-09,4.655832836669249e-09,0.061861045520764615,0.1778827008055005,13.0,3.25,5.7354058346510184e-08,1.2255471653884785e-07,1.0,2.2205169989319984
3240.0,106.92,0.08254252186392065,0.4462303180366216,0.7590961126540202,0.9863477722191063,0.28730214385542036,0.5118838512876106,0.5440988553263791,0.48909885532637914,2.267289458924215e-09,4.655834226543596e-09,0.061861045520764615,0.1778827008055005,13.0,3.25,5.735408512758386e-08,1.2255474326210685e-07,1.0,2.3036069978843443
3250.0,107.25,0.08254252186392066,0.4462303180366216,0.7590961126540202,0.9863477722191063,0.28730214385542036,0.5118838507100301,0.5440988553263791,0.48909885532637914,2.2672895031303184e-09,4.655835464058543e-09,0.061861045520764615,0.1778827008055005,13.0,3.25,5.735408933298813e-08,1.2255477092403561e-07,1.0,2.33339699843782
3260.0,107.58,0.08254252186392065,0.4462303180366216,0.7590961126540202,0.9863477722191063,0.28730214385542036,0.5118838499856636,0.5440988553263791,0.48909885532637914,2.267289527150786e-09,4.655836758789303e-09,0.061861045520764615,0.1778827008055005,13.0,3.25,5.7354108755263975e-08,1.225548138399505e-07,1.0,2.1926370027358644
3270.0,107.91000000000001,0.08254252186392064,0.4462303180366216,0.7590961126540202,0.9863477722191063,0.28730214385542036,0.5118838491310066,0.5440988553263791,0.48909885532637914,2.267289585218684e-09,4.655838024912157e-09,0.061861045520764615,0.1778827008055005,13.0,3.25,5.7354125342873956e-08,1.2255483375979965e-07,1.0,2.2431969991885126
3280.0,108.24000000000001,0.08254252186392065,0.4462303180366216,0.7590961126540202,0.9863477722191063,0.28730214385542036,0.5118838483961182,0.5440988553263791,0.48909885532637914,2.267289617422726e-09,4.655839262427106e-09,0.061861045520764615,0.1778827008055005,13.0,3.25,5.735413579040144e-08,1.2255487426728328e-07,1.0,2.1278070016705897
3290.0,108.57000000000001,0.08254252186392064,0.4462303180366216,0.7590961126540202,0.9863477722191063,0.28730214385542036,0.5118838475142824,0.5440988553263791,0.48909885532637914,2.2672896709765313e-09,4.655840709517267e-09,0.061861045520764615,0.1778827008055005,13.0,3.25,5.7354160714676284e-08,1.2255490590658082e-07,1.0,2.458426999510266
3300.0,108.9,0.08254252186392062,0.4462303180366216,0.7590961126540202,0.9863477722191063,0.2873021438554203,0.5118838467290133,0.5440988553263791,0.48909885532637914,2.26728972897599e-09,4.655841947032218e-09,0.061861045520764615,0.1778827008055005,13.0,3.25,5.735416936466715e-08,1.2255493383959194e-07,1.0,2.203447002102621
3310.0,109.23,0.08254252186392064,0.4462303180366216,0.7590961126540202,0.9863477722191063,0.28730214385542036,0.5118838459787026,0.5440988553263791,0.48909885532637914,2.267289756220103e-09,4.65584326072687e-09,0.061861045520764615,0.1778827008055005,13.0,3.25,5.7354188610071185e-08,1.2255497241057922e-07,1.0,2.2207270012586378
3320.0,109.56,0.08254252186392062,0.4462303180366216,0.7590961126540202,0.9863477722191063,0.2873021438554203,0.5118838451226277,0.5440988553263791,0.48909885532637914,2.2672898196568375e-09,4.655844574421523e-09,0.061861045520764615,0.1778827008055005,13.0,3.25,5.7354205112261394e-08,1.2255499655494278e-07,1.0,2.193297001213068
3330.0,109.89,0.08254252186392064,0.4462303180366216,0.7590961126540202,0.9863477722191063,0.28730214385542036,0.5118838444077152,0.5440988553263791,0.48909885532637914,2.267289828690561e-09,4.6558458119364786e-09,0.061861045520764615,0.1778827008055005,13.0,3.25,5.7354213643852795e-08,1.2255503623728286e-07,1.0,2.2374469990609214
3340.0,110.22,0.08254252186392062,0.4462303180366216,0.7590961126540202,0.9863477722191063,0.2873021438554203,0.5118838435463846,0.5440988553263791,0.48909885532637914,2.26728986906183e-09,4.655847135275142e-09,0.061861045520764615,0.1778827008055005,13.0,3.25,5.7354240259490425e-08,1.2255506728090072e-07,1.0,2.299337000295054
3350.0,110.55000000000001,0.08254252186392064,0.4462303180366216,0.7590961126540202,0.9863477722191063,0.28730214385542036,0.5118838428333199,0.5440988553263791,0.48909885532637914,2.2672899293575725e-09,4.655848372790098e-09,0.061861045520764615,0.1778827008055005,13.0,3.25,5.735424832209661e-08,1.2255509496837285e-07,1.0,2.1922070009168237
3360.0,110.88000000000001,0.08254252186392061,0.4462303180366216,0.7590961126540202,0.9863477722191063,0.2873021438554203,0.5118838420831142,0.5440988553263791,0.48909885532637914,2.2672899820664914e-09,4.655849743700558e-09,0.061861045520764615,0.1778827008055005,13.0,3.25,5.735426697931885e-08,1.2255513321318814e-07,1.0,2.620856997964438
3370.0,111.21000000000001,0.08254252186392062,0.4462303180366216,0.7590961126540202,0.9863477722191063,0.2873021438554203,0.5118838412220352,0.5440988553263791,0.48909885532637914,2.267290018948038e-09,4.6558510098234176e-09,0.061861045520764615,0.1778827008055005,13.0,3.25,5.7354284154352494e-08,1.2255515771453268e-07,1.0,2.441827000438934
3380.0,111.54,0.08254252186392062,0.4462303180366216,0.7590961126540202,0.9863477722191063,0.2873021438554203,0.5118838404553137,0.5440988553263791,0.48909885532637914,2.2672900494438058e-09,4.6558522473383765e-09,0.061861045520764615,0.1778827008055005,13.0,3.25,5.735429235354499e-08,1.2255519357963136e-07,1.0,2.3645569999644067
3390.0,111.87,0.08254252186392064,0.4462303180366216,0.7590961126540202,0.9863477722191063,0.28730214385542036,0.5118838395309235,0.5440988553263791,0.48909885532637914,2.267290100201904e-09,4.655853618248835e-09,0.061861045520764615,0.1778827008055005,13.0,3.25,5.735431909711266e-08,1.2255522555510947e-07,1.0,2.144997000868898
3400.0,112.2,0.08254252186392064,0.4462303180366216,0.7590961126540202,0.9863477722191063,0.28730214385542036,0.5118838387959969,0.5440988553263791,0.48909885532637914,2.267290133162309e-09,4.655854855763797e-09,0.061861045520764615,0.1778827008055005,13.0,3.25,5.7354326005447504e-08,1.2255525380585126e-07,1.0,2.3904469999251887
3410.0,112.53,0.08254252186392064,0.4462303180366216,0.7590961126540202,0.9863477722191063,0.28730214385542036,0.5118838379835909,0.5440988553263791,0.48909885532637914,2.267290211296888e-09,4.655856321817852e-09,0.061861045520764615,0.1778827008055005,13.0,3.25,5.735434532059509e-08,1.2255529376707225e-07,1.0,2.3896970014902763
3420.0,112.86,0.08254252186392065,0.4462303180366216,0.7590961126540202,0.9863477722191063,0.28730214385542036,0.5118838370809344,0.5440988553263791,0.48909885532637914,2.267290246028407e-09,4.655857587940714e-09,0.061861045520764615,0.1778827008055005,13.0,3.25,5.7354365143405165e-08,1.225553178387703e-07,1.0,2.389977002167143
3430.0,113.19000000000001,0.08254252186392064,0.4462303180366216,0.7590961126540202,0.9863477722191063,0.28730214385542036,0.5118838364315396,0.5440988553263791,0.48909885532637914,2.2672902880909414e-09,4.655858825455679e-09,0.061861045520764615,0.1778827008055005,13.0,3.25,5.735437233492057e-08,1.2255535001523863e-07,1.0,2.1401279991550837
3440.0,113.52000000000001,0.08254252186392064,0.4462303180366216,0.7590961126540202,0.9863477722191063,0.28730214385542036,0.5118838356565215,0.5440988553263791,0.48909885532637914,2.267290347311512e-09,4.65586021533004e-09,0.061861045520764615,0.1778827008055005,13.0,3.25,5.735439680644611e-08,1.225553920044503e-07,1.0,2.2117879998404533
3450.0,113.85000000000001,0.08254252186392064,0.4462303180366216,0.7590961126540202,0.9863477722191063,0.28730214385542036,0.5118838348053296,0.5440988553263791,0.48909885532637914,2.267290383212653e-09,4.655861452845008e-09,0.061861045520764615,0.1778827008055005,13.0,3.25,5.735440734987346e-08,1.225554118636359e-07,1.0,2.5147659980575554
3460.0,114.18,0.08254252186392062,0.4462303180366216,0.7590961126540202,0.9863477722191063,0.2873021438554203,0.5118838340549995,0.5440988553263791,0.48909885532637914,2.267290420338692e-09,4.655862690359977e-09,0.061861045520764615,0.1778827008055005,13.0,3.25,5.735442150818548e-08,1.2255545408427473e-07,1.0,2.3372169998765457
3470.0,114.51,0.08254252186392064,0.4462303180366216,0.7590961126540202,0.9863477722191063,0.28730214385542036,0.511883833201407,0.5440988553263791,0.48909885532637914,2.267290464950436e-09,4.655864032662539e-09,0.061861045520764615,0.1778827008055005,13.0,3.25,5.7354445195538156e-08,1.2255548064104694e-07,1.0,2.4817459998303093
3480.0,114.84,0.08254252186392065,0.4462303180366216,0.7590961126540202,0.9863477722191063,0.28730214385542036,0.5118838325710158,0.5440988553263791,0.48909885532637914,2.2672904994236872e-09,4.655865270177512e-09,0.061861045520764615,0.1778827008055005,13.0,3.25,5.7354452362975466e-08,1.225555155629767e-07,1.0,2.16451699816389
3490.0,115.17,0.08254252186392064,0.4462303180366216,0.7590961126540202,0.9863477722191063,0.28730214385542036,0.5118838318432152,0.5440988553263791,0.48909885532637914,2.2672905675136942e-09,4.65586668865977e-09,0.061861045520764615,0.1778827008055005,13.0,3.25,5.7354475435220644e-08,1.2255555136831892e-07,1.0,2.485846998752095
3500.0,115.5,0.08254252186392065,0.4462303180366216,0.7590961126540202,0.9863477722191063,0.28730214385542036,0.5118838310433842,0.5440988553263791,0.48909885532637914,2.267290595825497e-09,4.6558679261747455e-09,0.061861045520764615,0.1778827008055005,13.0,3.25,5.7354486609101255e-08,1.2255557538794895e-07,1.0,2.2436970029957592
3510.0,115.83000000000001,0.08254252186392065,0.4462303180366216,0.7590961126540202,0.9863477722191063,0.28730214385542036,0.5118838303745631,0.5440988553263791,0.48909885532637914,2.2672906426853375e-09,4.655869163689722e-09,0.061861045520764615,0.1778827008055005,13.0,3.25,5.735449979256555e-08,1.225556128482975e-07,1.0,2.4653069995110855
3520.0,116.16000000000001,0.08254252186392066,0.4462303180366216,0.7590961126540202,0.9863477722191063,0.28730214385542036,0.5118838295482853,0.5440988553263791,0.48909885532637914,2.267290682856856e-09,4.655870505992286e-09,0.061861045520764615,0.1778827008055005,13.0,3.25,5.735452367107554e-08,1.2255563972281423e-07,1.0,2.1521069975278806
3530.0,116.49000000000001,0.08254252186392066,0.4462303180366216,0.7590961126540202,0.9863477722191063,0.28730214385542036,0.5118838288642115,0.5440988553263791,0.48909885532637914,2.2672907240666782e-09,4.655871743507266e-09,0.061861045520764615,0.1778827008055005,13.0,3.25,5.7354530423150227e-08,1.225556749499848e-07,1.0,2.264046997879632
3540.0,116.82000000000001,0.08254252186392066,0.4462303180366216,0.7590961126540202,0.9863477722191063,0.28730214385542036,0.5118838280645186,0.5440988553263791,0.48909885532637914,2.2672907633150247e-09,4.655873114417721e-09,0.061861045520764615,0.1778827008055005,13.0,3.25,5.7354552133810734e-08,1.2255571151561756e-07,1.0,2.786375996947754
3550.0,117.15,0.08254252186392066,0.4462303180366216,0.7590961126540202,0.9863477722191063,0.28730214385542036,0.511883827241441,0.5440988553263791,0.48909885532637914,2.267290817519471e-09,4.655874351932702e-09,0.061861045520764615,0.1778827008055005,13.0,3.25,5.73545645855193e-08,1.225557315018604e-07,1.0,2.1574069978669286
3560.0,117.48,0.08254252186392068,0.4462303180366216,0.7590961126540202,0.9863477722191063,0.2873021438554204,0.5118838265280345,0.5440988553263791,0.48909885532637914,2.2672908614517967e-09,4.6558755894476856e-09,0.061861045520764615,0.1778827008055005,13.0,3.25,5.735457639443215e-08,1.2255577410796343e-07,1.0,2.1706369989260565
3570.0,117.81,0.08254252186392066,0.4462303180366216,0.7590961126540202,0.9863477722191063,0.28730214385542036,0.5118838256777402,0.5440988553263791,0.48909885532637914,2.267290896121116e-09,4.65587705550175e-09,0.061861045520764615,0.1778827008055005,13.0,3.25,5.7354603472409745e-08,1.2255580764635638e-07,1.0,2.1766280005977023
3580.0,118.14,0.08254252186392066,0.4462303180366216,0.7590961126540202,0.9863477722191063,0.28730214385542036,0.5118838250210238,0.5440988553263791,0.48909885532637914,2.2672909638552015e-09,4.655878293016736e-09,0.061861045520764615,0.1778827008055005,13.0,3.25,5.7354609920096465e-08,1.2255582878275944e-07,1.0,2.3711969988653436
3590.0,118.47,0.08254252186392068,0.4462303180366216,0.7590961126540202,0.9863477722191063,0.2873021438554204,0.5118838243822272,0.5440988553263791,0.48909885532637914,2.26729097136276e-09,4.655879530531724e-09,0.061861045520764615,0.1778827008055005,13.0,3.25,5.7354627898739766e-08,1.2255587163189615e-07,1.0,2.2414369996113237
3599.0,118.76700000000001,0.08254252186392068,0.4462303180366216,0.7590961126540202,0.9863477722191063,0.2873021438554204,0.5118838235987969,0.5440988553263791,0.48909885532637914,2.267291029492088e-09,4.655880749082793e-09,0.061861045520764615,0.1778827008055005,13.0,3.25,5.73546466887839e-08,1.2255589522675339e-07,1.0,2.1916470032010693
